7ODC	A	LYASE	mSSFTKDEFDCHILDEGFTAKDILDQKINevsssdDKDAFYVADLGDILKKHLRWLKALPRVTPFYAVKCNDSRAIVSTLAAIGTGFDCASKTEIQLVQGLGVPAERVIYANPCKQVSQIKYAASNGVQMMTFDSEIELMKVARAHPKAKLVLRIATddskavcrlsvKFGATLKTSRLLLERAKELNIDVIGVSFHVGSGCTDPDTFVQAVSDARCVFDMATEVGFSMHLLDIGGGFPGSEDTKLKFEEITSVINPALDKYFPSDSGVRIIAEPGRYYVASAFTLAVNIIAKKTVWkeqpgsddedesnEQTFMYYVNDGVYGSFNCILYDHAHVKALLQKRPKPDEKYYSSSIWGPTCDGLDRIVERCNLPEMHVGDWMLFENMGAYTVAAASTFNGFQRPNIYYVMSRPMWQLMKqiqshg	1	424	1.60	X-RAY
1IO7	A	OXIDOREDUCTASE	MYDWFSEMRKKDPVYYDGNIWQVFSYRYTKEVLNNFSKFSSDLTGYHERLEDLRNGKIRFDIPTRYTMLTSDPPLHDELRSMSADIFSPQKLQTLETFIRETTRSLLDSIDPREDDIVKKLAVPLPIIVISKILGLPIEDKEKFKEWSDLVAFRLGKPGEIFELGKKYLELIGYVKDHLNSGTEVVSRVVNSNLSDIEKLGYIILLLIAGNETTTNLISNSVIDFTRFNLWQRIREENLYLKAIEEALRYSPPVMRTVRKTKERVKLGDQTIEEGEYVRVWIASANRDEEVFHDGEKFIPDRNPNPHLSFGSGIHLCLGAPLARLEARIAIEEFSKRFRHIEILDTEKVPNEVLNGYKRLVVRLKSne	1	368	1.50	X-RAY
2QUD	A	RNA BINDING PROTEIN	GGSSMSSKKTIVLSSVGEATRTLLTEIQSTADRQIFEEKVVGPLVGRLRRLTASLRRQNGAKTAYRVNLKLDQADVVDSGLPKVRYTQVWSSHDVTIIVANNSTEASRKKSSLYDLTKSSLVATSQVVEDLVVNLVPLGR	-3	127	1.60	X-RAY
3T47	A	IMMUNE SYSTEM	gQHstgshtyQALVDQLHELIANTDLNKLSYLNLDAFQKRDILAAHYIAKSAIRTKNLDQMMTKAKQRLESIYNSISNPLhs	3	83	1.30	X-RAY
1CG5	B	OXYGEN TRANSPORT	VKLSEDQEHYIKGVWKDVDHKQITAKALERVFVVYPWTTRLFSKLQGLFSANDIGVQQHADKVQRALGEAIDDLKKVEINFQNLSGKHQEIGVDTQNFKLLGQTFMVELALHYKKTFRPKEHAAAYKFFRLVAEALSSNYH	1	141	1.60	X-RAY
1D2S	A	TRANSPORT PROTEIN	PPAVHLSNGPGQEPIAVMTFDLTKITKTSSSFEVRTWDPEGVIFYGDTNPKDDWFMLGLRDGRPEIQLHNHWAQLTVGAGPRLDDGRWHQVEVKMEGDSVLLEVDGEEVLRLRQVSGHPIMRIALGGLLFPASNLRLPLVPALDGCLRRDSWLDKQAEISASAPTSLRSC	13	188	1.55	X-RAY
3L1N	A	LIPID BINDING PROTEIN	tkvkrEATKVQRDISAFKKVQNISLAVNKFNVDIERYVGGDASHLLADGNVLIKATLDGVQSLQNNEPPLSSEALALVVGPVQDLSNQILAIQNLIDKKEPLVQAGFGGKVENNLRQQEEAAQKLSELVSTKKVVPHHELADISRQLSDGIAAGIKKGIDAF	6	160	1.30	X-RAY
3OOO	A	HYDROLASE	ASKLNRIRRHHLHSSVVQQAAELAVFSDPVTVNYLTGFFCDPHERQFLFVYEDRDPILFVPALEEVSSRAKQSSVPFPVFGYIDSENPWQQKKIASSNLPSFSVSKVLAEFDNLNVTKFQGLQTVFDDGHFENLTPYIQNR	0	131	1.57	X-RAY
3BOM	A	OXYGEN STORAGE/TRANSPORT	SSLSAKDKANVKAIWGKILPKSDEIGEQALSRMLVVYPQTKAYFSHWASVAPGSAPVKKHGITIMNQIDDCVGHMDDLFGFLTKLSELHATKLRVDPTNFKKILLAHNLIVVIAAYFPAEFTPEIHLSVDKFLQQQLALALLAEKYR	1	142	1.35	X-RAY
2X8J	A	HYDROLASE	mRKFRLIPYKQVDKVSALSEVPMGVEEIVEAPAVWRASAKGAGQIIGVIDTGCQVDHPDLAERIIGGVNLTTDYGGDETNFSDNNGHGTHVAGTVAAAETGSGVVGVAPKADLFIIKALSGDGSGEMGWIAKAIRRYAVDWRGPKGEQMRIITMSLGGPTDSEELHDAVKYAVSNNVSVVAAnegdgredtGNEFAYPAAYNEVIAVGAVDFDLRLSStntDFNEEIDIVAPGVGIKSTYLDSGYAELSGTAMAAPHVAGALALIINLAEDAFKRRSSLSETEIYAQLVRRRATPIGFTAQAEGNGFLTLDDLVERekgkkhhhhhhITGQFT	1	327	1.56	X-RAY
3AJ6	A	TOXIN	msqTNANDLRNNEVFFISSPSNNTTNKVLDKISQSEVKLWNKLSGANQKWRLIYDTNKQAYKIKVMDNTSLILTWNAPLSSVSVKTDTNGDNQYWYLLQNYISRNVIIRNYMNPNLVLQYNIDDTLMVSTQTSSSSNQFFKFSNCIYEALLNNRNCKLQTQLNSDRFLSKNLNSQIIVLWQWIDSSRQKWIIEYNETKSAYTLKCQENNRYLTWIQNSNNYVETYQSTDSSLIQYWNNINYLLDNDASKYILYNLQDTNNRVLDDVYNSSQIANGTHVIVDSSYHGNTNQQWIINLI	1	286	1.48	X-RAY
3M0Z	A	LYASE	NAKLTPNFYRDRVCLNVLAGSKDNAREIYDAAEGHVLVGVLSSKNYPDDVASSAVVDRDYAKLIDNALSVGLGGAAGGDDPNQSAVSEISRRQVQPQHVNQVFTGVATSRALLGQNETVVNGLLVSPTGTPGVKKIISTGPLSSGAADGIVPLETAIALLKDGGSSIKYFPGGLKHRRAEFEEAVAKKACAAHDDFWLEPTGGIDLENYSEILKIALDAGVSSKKIIPHIYSSIIDKASGNTRRPADVRRQLLEETKQQLVK	-1	246	1.20	X-RAY
2GPI	A	UNKNOWN FUNCTION	GNQSIIFTEQQLLTWDVQLSAIHFTAQQQGVIDCYIGQKVLEHLAAEKINNSEQALSLFEQFRFDIEEQAEKLIEQEAFDVQGHIQQVERVD	0	90	1.60	X-RAY
3AK8	A	METAL BINDING	mstaklvktkasnLLYTRNDVSESDKKATVELLNRQVIQFIDLSSLITKQAHWNMRGANFIAVHEMLDGFRTALTDHLDTMAERAVQLGGVALGTTQVINSKTPLKSYPLDIHNVQDHLKELADRYAVVANDVRKAIGEAKDEDTADIFTAASRDLDKFLWFIESNIE	1	167	1.25	X-RAY
2X5P	A	PROTEIN BINDING	GAMVsglsseqgqsgdmtieeDTLDSATHIKFSKRDIDGKELAGATMELRDSSGKTISTWISDGQVKDFYLMPGKYTFVETAAPDGYEVATTAITFTVNEQGQVTVNGKATKGDAHIVMVDA	-2	118	1.60	X-RAY
3EBT	A	UNKNOWN FUNCTION	SNNNQQTVREESSYEAFHHRRDLPGVLAALAPDDVRWTHPDGSSPYGLGGTKHHGHDEVIAFIRHVPTHIAERRLAPDDEEFIESGERRIVVLLGTRRVTAVNGRSATLKFVHVVWRRRFENGRAVTFEDHFDTAEIRLITA	2	131	1.30	X-RAY
2BCE	A	HYDROLASE	AKLGSVYTEGGFVEGVNKKLSLFGDSVDIFKGIPFAAAPKALEKPERHPGWQGTLKAKSFKKRCLQATLTQDSTYGNEDCLYLNIWVPQGRKEVSHDLPVMIWIYGGAFLMGasqganfLSNYLYDGEEIATRGNVIVVTFNYRVGPLGFLSTGDSNLPGNYGLWDQHMAIAWVKRNIEAFGGDPDQITLFGESAGGASVSLQTLSPYNKGLIKRAISQSGVGLCPWAIQQDPLFWAKRIAEKVGCPVDDTSKMAGCLKITDPRALTLAYKLPLGSTEYPKLHYLSFVPVIDGDFIPDDPVNLYANAADVDYIAGTNDMDGHLFVGMDVPAINSNKQDVTEEDFYKLVSGLTVTKGLRGAQATYEVYTEPWAQDSSQETRKKTMVDLETDILFLIPTKIAVAQHKSHAKSANTYTYLFSQPSRMPIYPKWMGADHADDLQYVFGKPFATPLGYRAQDRTVSKAMIAYWTNFARTGDPNTGHSTVPANWDPYTLEDDNYLEINKQMDSNSMKLHLRTNYLQFWTQTYQALPTVTsagasllppednsqaspvppadnsgaptepsagdsevaqmPVVIGF	1	579	1.60	X-RAY
2NWR	A	TRANSFERASE	mEKFLVIAGPNAIESEELLLKVGEEIKRLSEKFKEVEFVFKSSFDKANRSSIHSFRGHGLEYGVKALRKVKEEFGLKITTDIHESWQAEPVAEVADIIQIPAFLCRQTDLLLAAAKTGRAVNVKKGQFLAPWDTKNVVEKLKFGGAKEIYLTERGTTFGYNNLVVDFRSLPIMKQWAKVIYDATHSVQLPGGGMREFIFPLIRAAVAVGCDGVFMETHPEPEKALSDASTQLPLSQLEGIIEAILEIREVASKYYETIlgdksgpvk	1001	1267	1.50	X-RAY
2OLR	A	LYASE	mrvnnGLTPQELEAYGISDVHDIVYNPSYDLLLYQEELDPSLTGYERGVVLTNLGAVAVDTGIFTGRSPKDKYIVRDDTTRDTFWWADKGKGKNDNKPLSPETWQHLKGLVTRQLSGKRLFVVDAFCGANPDTRLSVRFITEVAWQAHFVVKNMFIRPSDEELAGFKPDFIVMNGAKCTNPQWKEQGLNSENFVAFNLTERMQLIGGTWYGGEMKKGMFSMMNYLLPLKGIASMHCSANVGEKGDVAVFFGLSGTGKTTLSTDPKRRLIGDDEHGWDDDGVFNFEGGCYAKTIKLSKEAEPEIYNAIRRDALLENVTVREDGTIDFDDGSKTENTRVSYPIYHIDNIVKPVSKAGHATKVIFLTADAFGVLPPVSRLTADQTQYHFLSGFTAKLAGTERGITEPTPTFSACFGAAFLSLHPTQYAEVLVKRMQAAGAQAYLVNTGWNGTGKRISIKDTRAIIDAILNGSLDNAETFTLPMFNLAIPTELPGVDTKILDPRNTYASPEQWQEKAETLAKLFIDNFDKYTDTPAGAALVAAGPKL	1	540	1.60	X-RAY
1T9H	A	HYDROLASE	ARHHHHHHMPEGKIIKALSGFYYVLDESEDSDKVIQCRGRGIFRKNKITPLVGDYVVYQAENDKEGYLMEIKERTNELIRPPICNVDQAVLVFSAVQPSFSTALLDRFLVLVEANDIQPIICITKMDLIEDQDTEDTIQAYAEDYRNIGYDVYLTSSKDQDSLADIIPHFQDKTTVFAGQSGVGKSelglrtneisehlgrgkhtSLLNAISPTRHVELIHTSGGLVADTPGFSSLEFTDIEEEELGYTFPDIREKSSSCKFRGCLHLKEPKCAVKQAVEDGELKQYRYDHYVEFMTEIKDRKPRY	-7	298	1.60	X-RAY
1O26	A	TRANSFERASE	HHMKIDILDKGFVELVDVMGNDLSAVRAARVSFDMGLKDEERDRHLIEYLMKHGHETPFEHIVFTFHVKAPIFVARQWFRHRIASYNELSGRYSKLSYEFYIPSPERLEGYKTTIPPERVTEKISEIVDKAYRTYLELIESGVPREVARIVLPLNLYTRFFWTVNARSLMNFLNLRADSHAQWEIQQYALAIARIFKEKCPWTFEAFLKYAYKGDILvqvKE	-1	220	1.60	X-RAY
2CVI	A	STRUCTURAL	MVTAFILMVTAAGKEREVMEKLLAMPEVKEAYVVYGEYDLIVKVETDTLKDLDQFITEKIRKMPEIQMTSTMIAILEHHHHHH	1	83	1.50	X-RAY
1OJJ	A	HYDROLASE	KPGETKEVHPQLTTFRCTKRGGCKPATNFIVLDSLSHPIHRAEGLGPGGCGDWGNPPPKDVCPDVESCAKNCIMEGIPDYSQYGVTTNGTSLRLQHILPDGRVPSPRVYLLDKTKRRYEMLHLTGFEFTFDVDATKLPCGMNSALYLSEMHPTGAKSKYNPGGAYYGTGYCDAQCFVTPFINGLGNIEGKGSCCNSMDIWEANSRASHVAPHTCNKKGLYLCEGEECAFEGVCDKNGCGWNNYRVNVTDYYGRGEEFKVNTLKPFTVVTQFLANRRGKLEKIHRFYVQDGKVIESFYTNKEGVPYTNMIDDEFCEATGSRKYMELGATQGMGEALTRGMVLAMSIWWDQGGNMEWLDHGEAGPCAKGEGAPSNIVQVEPFPEVTYTNLRWGEIGSTYelq	2	402	1.4	X-RAY
2HE2	A	SIGNALING PROTEIN	SMMEPRKVVLHKGSSTGLGFNIVGGEDGEGIFVSFIILAGGPADLSGELQRGDQILSSVNGIDLRGASHEQAAAALKGAGQTVTIIAQYQPEDYARFEEAKIHETSV	-1	517	1.50	X-RAY
1YD9	A	STRUCTURAL PROTEIN	gplgsGFTVLSTKSLFLGQKLQVVQADIASIDSDAVVHPTNTDFYIGGEVGSTLEKKGGKEFVEAVLELRKKNGPLEVAGAAVSAGHGLPAKFVIHCNSPVWGSDKCEELLEKTVKNCLALADDRKLKSIAFPSIGSGRNGFPKQTAAQLILKAISSYFVSTMSSSIKTVYFVLFDSESIGIYVQEMAKLDAN	1	193	1.60	X-RAY
1P0H	A	TRANSFERASE	mtALDWRSALTADEQRSSVRALVTATTAVDGVAPVGEQVLRELGQQRTEHLLVAGSRPGGPIIGYLNLSSrgaPPGGAMAELVVHPQSRRRGIGTAMARAALAKTAGRNQFWWAHGTLDPARATASALGLVGVRELIQMRRPLRDIPEPTIPDGVVIRTYAGTSDDAELLRVNNAAFAGHPEQGGWTAVQLAERRGEAWFDPDGLILAsprerpFGDGRLLGFHWTKVHPDHPGLGEVYVLGVDPAAQRRGLGQMLTSSIGIVSLggrktldpaARRLVEPAVLLYVESDNVAAVRTYQSLGFTTYSVDTagtdnAYAL	3	315	1.60	X-RAY
3OJG	A	HYDROLASE	maEMVETVCGPVPVEQLGKTLIHEHFLFGYPGFQGDVTRGTFREDESLRVAVEAAEKMKRHGIQTVVDPTPNDCGRNPAFLRRVAEETGLNIICATGYYYEGEGAPPYFQFRRLLGTAEDDIYDMFMAELTEGIADTGIKAGVILASSKGRITEYEKMFFRAAARAQKETGAVIITHTQEGTMGPEQAAYLLEHGADPKKIVIGHMCGNTDPDYHRKTLAYGVYIAFDRFGIQGMVGAPTDEERVRTLLALLRDGYEKQIMLSHNTVNVWLGRPFTLPEPFAEMMKNWHVEHLFVNIIPALKNEGIRDEVLEQMFIGNPAALFSa	3	326	1.60	X-RAY
2O6Y	A	LYASE	mlamspPKPAVELDRHIDLDQAHAVASGGARIVLAPPARDRCRASEARLGAVIREARHVYGLTTGFGPLANRLISGENVRTLQANLVHHLASGVGPVLDWTTARAMVLARLVSIAQGASGASEGTIARLIDLLNSELAPAVPSRGTVGDLTPLAHMVLCLQGRGDFLDRDGTRLDGAEGLRRGRLQPLDLSHRDALALVNGTSAMTGIALVNAHACRHLGNWAVALTALLAECLRGRTEAWAAALSDLRPHPGQKDAAARLRARVDGSARVVRHVIAERRLDAGDIGTEPEAGQDAYSLRCAPQVLGAGFDTLAWHDRVLTIELNAVTDNPVFPPDGSVPALHGGNFMGQHVALTSDALATAVTVLAGLAERQIARLTDERLNRGLPPFLHRGPAGLNSGFMGAQVTATALLAEMRATGPASIHSISTNAANQDVVSLGTIAARLCREKIDRWAEILAILALCLAQAAELRCGSGLDGVSPAGKKLVQALREQFPPLETDRPLGQEIAALATHLLQQSPV	1	523	1.50	X-RAY
1KMV	A	OXIDOREDUCTASE	VGSLNCIVAVSQNMGIIGGKNGDLPWPPLRNEFRYFQRMTTTSSVEGKQNLVIMGKKTWFSIPEKNRPLKGRINLVLSRELKEPPQGAHFLSRSLDDALKLTEQPELANKVDMVWIVGGSSVYKEAMNHPGHLKLFVTRIMQDFESDTFFPEIDLEKYKLLPEYPGVLSDVQEEKGIKYKFEVYEKN	1	185	1.05	X-RAY
2I0K	A	OXIDOREDUCTASE	sAPLPTPPNFPNDIALFQQAYQNWSKEIMLDATWVCSPKTPQDVVRLANWAHEtgpvHDYKIRPRGAMAGWTPLTVEKGANVEKVILADTMTHLNGITVNTGGPVATVTAGAGASIEAIVTELQKHDLGWANLPAPGVLSIGGALAVNAHGAALPAVGQTTLPGHTYGSLSNLVTELTAVVWNGTTYALETYQRNDPRITPLLTNLGRCFLTSVTMQAGPNFRQRCQSYTDIPWRELFAPKGADGRTFEKFVAESGGAEAIWYPFTEKPWMKVWTVSGKPPQAREVSGPYNYIFSDNLPEPITDMIGAINAGNPGIAPLFGPAMYEITKptkpdssnevgslgsagslvLGLAATNANDIWGWSKDVQFYIKATTLRLTEGGGAVVTSRANIATVINDFTEWFHERIEFYRAKGEFPLNGPVEIRCCGLDQAADVKVPSVGPPTISATRPRPDHPDWDVAIWLNVLGVPGTPGMFEFYREMEQWMRSHYNNDDATFRPEWSKGWAFGPDPYTDNDIVTNKMRATYIEGVPTTENWDTARARYNQIDPHRVFTNGFMDKLLP	53	613	1.60	X-RAY
2HXS	A	SIGNALING PROTEIN	GSHMMRQLKIVVLGDGASSGKTSLLTTCFAQETFGKQQYKQQTIIGLDFFLRRITLPGNLLNVVTLQIWDIGGQQTIGGKMMLDKYIYGAQGVLLVYDITNYQSFENLEEDWYTVVKKVSSEEESETQPLVALVGNKIDLEEHMMRTIKPEKHLLRFCQENGFSSHFVSAKTGDSVFLLCFQKVAAEEILGIKLNNK	7	184	1.10	X-RAY
2W9D	L	IMMUNE SYSTEM	IVLTQSPAIMMSASPGEKVTMTCSSASSSSVSYYMHHWYQQKSGTSSPKRWIYDTSKKLASGVPARFSGSGSGTSSYSSLLTISSMEAEEDAATYFCHQWRSNPYTFGGGTKLEIKRADAAPTVSIFPPSSEQLTSGGASVVCFLNNFYPKDDINVKWKIDGSERQNGVLLNSWTDQDSKDSTYSMSSTLTLTKDEYERHNSYTCCEATHKeTSTSPIIVKSFNRN	2	212	1.57	X-RAY
3M0U	A	SIGNALING PROTEIN	mdetGKELVLALYDYQEKSSPDEVTMKKGDILTLLNSTNKDWWKVEVNDRQGFVPAAYVKKLD	1	62	1.10	X-RAY
1AIE	A	P53 TETRAMERIZATION	EYFTLQIRGRERFEMFRELNEALELKDAQAG	326	356	1.50	X-RAY
2PR7	A	HYDROLASE	GRGLIVVDYAGVLDGTDEDQRRWRNLLAAAKKKNGVGTVILSNDPGGLGAAPIRELETNGVVDKVLLSGELGVEKPEEAAFQAAADAIDLPRDCVLVDDSSIILNVRGAVEAGLVGVYYQQFDRAVVEIVGLFGLEEGEF	0	136	1.44	X-RAY
1P9H	A	CELL ADHESION	mPNLTAVQISPNADPArgshhhhhhddydgiLGLEYGLNASAKGIIHSIAIpvrppvpgagGATTAEAAKGAAVAVGAGSIATTGVNSVAIGPLSSKALGDSAVTTYGAASTAQQKDGVAIGARASSTSSDDTGVAVGFNSKADAKNSVAIGHSSHVAANHGYSIAIIGDRSKTDRENSVSIGHESLNRQLLTHLAAGTKDTDAVNVAQLKKEIEKtqentnkrsaellananayad	16	241	1.55	X-RAY
2W2A	A	LYASE	mTKTFKTLDDFLGTHFIYTYDNGWEYEWYAKNDHTVDYRIHGGMVAGRWVTDQKADIVMLTEGIYKISWTEPTGTDVALDFMPNEKKLHGTIFFPKWVEEHPEITVTYQNEHIDLMEQSREKYATYPKLVVPEFANITYMGDAGQNNEDVISEAPYKEMPNDIRNGKYFDQNYHRLnk	2	178	1.38	X-RAY
1MG4	A	TRANSFERASE	gKKAKKVRFYRNGDRYFKGIVYAISPDRFRSFEALLADLTRTamdpeftlsseLSDNVNLPQGVRTIYTIDGLKKISSLDQLVEGESYVCGSIEPFKKLEYTKNVNPNWSVNV	42	154	1.50	X-RAY
3T65	A	IMMUNE SYSTEM	DIVMSQSPSSLAVSAGEKVTMSCKSSQSLLNSRTRKNYLAWYQQKPGQSPKLLIYWASTRESGVPDRFTGSGSGTDFTLTITSVQAEDLAVYYCKQSYNLRTFGGGTKLEIKRADAAPTVSIFPPSSEQLTSGGASVVCFLNNFYPKDINVKWKIDGSERQNGVLNSWTDQDSKDSTYSMSSTLTLTKDEYERHNSYTCEATHKTSTSPIVKSFNRNEC	1	213	1.45	X-RAY
1HBN	C	METHANOGENESIS	AQYYPGTTKVAQNRRNFCNPEYELEKLREISDEDVVKILGHRAPGEEYPSVHPPLEEMDEPEDAIREMVEPIDGAKAGDRVRYIQFTDSMYFAPAQPYVRSRAYLCRYRGADAGTLSGRQIIETRERDLEKISKELLETEFFDPARSGVRGKSVHGHSLRLDEDGMMFDMLRRQIYNKDTGRVEMVKNQIGDELDEPVDLGEPLDEETLMEKTTIYRVDGEAYRDDVEAVEIMQRIHVLRSQGGFNLe	2	249	1.16	X-RAY
3L12	A	HYDROLASE	xnGFSQLEGLRGHHPSVVRVIGHRGARGVPENTLEGFAFTLAAGVRALEFDVVVTADGVPVVTHHNHHLANATRDGQGHWLTGAERQVAETYAEIRALDVGGLDGRTVYGRRRFPDQAFLLTGIHVPRRLGELLDLCAGYGDQAPYLLLELKSDPALHDHAARAEVAAVLADVRRYREPRTVHSFDWALLGECRRQAPDLPTSYLSQLPEGPnaddpgedsakpvDYDRTESLPQAVASAGGQLWCPYFLDVTPELVAEAHDLGLIVLTWTVNEPEEDIRRATTTTGVDGIVTDYPGRTQRILIDGLSSWTT	3	312	1.60	X-RAY
2RB7	A	HYDROLASE	GSSSQHIVELTSDLIRFPSHSRPEQISRCAGFIDWCAQNGIHAEERDHDDGIPSVVLPEKGRAGLLLAHIDVVDAEDDLFVPRRVENDRRLYGRGANDDKYAVALLGLVFRRDRLNALKAAGRSQKDALLGLLITGDEEIGGNGAAKALPLIRADYVVALDGGNPQQVITKEKGIIDIKLTCTGKAAHGARPWGVNAVDDLLEDYTRLKTLFAEENEEDDHWHRTVNLGRIRRRAGESTNKVPDVVAEGWFNIRVTEHDDPGALIDKKIRKTVSSGTVSSSIVRTVPVFLAADSPYTERLLALSGATAGKKAHGASDARRYLGENGLTGVVWGAEGFNTLHSRDECLHIPSLQSSIYDPhaavLQLAREEE	0	363	1.60	X-RAY
1VZI	A	OXIDOREDUCTASE	PERLQVYKCEVCGNIVEVLNGGIGELVCCNQDMKLMSENTVDAAKAKHVPVIEKIDGGYKVKVGAVAHPMEEKHYIQWIELLADDKCYTQFLKPGQAPEAVFLIEAAKVVAREYCNIHGHWKAEN	1	125	1.15	X-RAY
2GB4	A	TRANSFERASE	msldmkehpDDAEVQKNQVLTLEDWKKEKKWVTRHISFHQEQGHQLLKKHLDTFLKGQSGLRVFFPLCGKAIEMKWFADRGHTVVGVEISEIGIREFFAEQNLSYTEEPLAEIAGAKVFKSSSGSISLYCCSIFDLPRANIGKFDRIWDRGALVAINPGDHDRRYADIILSLLRKEFQYLVAVLSYDPTKHAAGGPPFYVPSAELKRLFGTKCSMMQCLEEVDALEERHKAWGLDYLFEKLYLLTEK	10	240	1.25	X-RAY
2BSY	A	HYDROLASE	meaCPHIRYAFQNDKLLLQQASVGRLTLVNKTTILLRPMKTTTVDLGLYARPPEGHGLMLWGSTSRPVTSHVGIIDPGYTGELRLILQNQRRYNSTLRPSELKIHLAAFRYATPQMeedkGPINHPQYPGDVGLDVSLPKDLALFPHQTVSVTLTVPPPSIPHHRPTIFGRSGLAMQGILVKPCRWRRRGGVDVSLTNFSDQTVFLNKYRRFCQLVYLHKHHLTSFYSPHSDAGVLGPRSLFRWASCTFEEVPSLAgdsglsealegrqgrgfgssgqM	1	278	1.5	X-RAY
3HNY	M	BLOOD CLOTTING	dSCSMPLGMESKAISSDAQITASSYFTNMFATWSSPSKARLHLQGRSNAWRPQVNNPKEWLQVDFQKKTMKVTGVVTTQGVKKSLLTSMMYVKEFLIISSSQQDGHQWTLFFQNGKVKVFQGNQDSFTPVVNSLLLDPPLLTRYLLRIHPQSWVHHQIALLRMMEVLGCEAln	2170	2328	1.07	X-RAY
1QFT	A	LIGAND BINDING PROTEIN	NQPDWADEAANGAHQDAWKSLKADVENVYYMVKATYKNDPVWGNDFTCVGVMANDVNEDEKSIQAEFLFMNNADTNMQFATEKVTAVKMYGYNRENAFRYETEDGQVFTDVIAYSDDNCDVIYVPGTDGNEEGYELWTTDYDNIPANCLNKFNEYAVGRETRDVFTSACLEIAAA	1	175	1.25	X-RAY
1EAQ	A	TRANSCRIPTION/DNA	sSVEVLADHPGELVRTDSPNFLSSVLPTHWRSNKTLPIAFKVVALGgdrDVPDGTLVTVAGNDENYSAELRNATAAKNQVARFNDLRFVGRSGRGKSFTLTITVFTNPPQVATYHRAIKITVDGPreprrhrqkldd	46	185	1.25	X-RAY
2O1Q	A	OXIDOREDUCTASE	LKSKIKKEEYVQDQVDWKPFPAAFSTTGGIRWKLLHVSPEGSWTAIFDCPAGSSFAAHVHVGPGEYFLTKGKDVVRGGKAAGGDTAIAPGYGYESANARHDKTEFPVASEFYSSFLGPLTFVKPDGSSPIAVIGWEDAQGAWAA	2	144	1.50	X-RAY
3PA6	A	CELL CYCLE	xAAPILKDVVAYVEVWSSNGTENYSKTTFTTQLVDGAKVSKTFNKQQVTHVIIFKDGYQSSTWDKAQKRGVKLVSVLWVEKCRTAGAHIDESLFPAANNEsslikHL	2	105	1.50	X-RAY
3FSS	A	CHAPERONE	gTNTIFKLEEGVVSSVLLSPLRKKKLDLLVFYLSNNVDGSSPVIITTLLKGNNDREELLSIYQQLhxseNKKNIKASFLPVPEEKPNNLIYLFTYTSCEDNKKFSEPVVTTLNKENNTLLNNQFKKLGLLDSNVTDFEKCVEEYIRKKQQAILTGFKISSNPFVKINSFHLQCHRGTKEGTLYFLPDHIIFGFKKPILLLDASDInstlvdtdaeESITYSSSITRLTFNASSLVTKKDGEKYEFSIDQTEYAKIDDYVKRKK	65	301	1.43	X-RAY
1W2I	A	HYDROLASE	mAIVRAHLKIYGRVQGVGFRWSMQREARKLGVNGWVRNLPDGSVEAVLEGDEERVEALIGWAHQGPPLARVTRVEVKWEQPKGEKGFRIVG	1	91	1.5	X-RAY
1PA2	A	OXIDOREDUCTASE	MQLNATFYSGTCPNASAIVRSTIQQALQSDTRIGASLIRLHFHDCFVNGCDASILLDDTGSIQSEKNAGPNVNSARGFNVVDNIKTALENACCPGVVSCSDVLALASEASVSLAGGPSWTVLLGRRDSLTANLAGANSSIPSPIESSLSNITFKFSAVGLNTNDLVALSGAHTFGRARCGVFNNRLFNFSSGTGNPDPTLNSTLLSTLQQLCPQNGSASTITNLDLSTPDAFDNNYFANLQSNDGLLQSDQELFSTTGSSTIAIVTSFASNQTLFFQAFAQSMINMGNISPLTGSNGEIRLDCKKVNGS	0	305	1.45	X-RAY
3I45	A	SIGNALING PROTEIN	mSLEAIRIGEINSYSQIPAFTLPYRNGWQLAVEQINAAGGLLGGRPLEEVISRDDGGDPGKAVTAAQELLTRHGVHALAGTFLSHVGLAVSDFARQRKVLFMMASEPLTDALTWEKGNRYTYRLRPSTYMQAAMLAAEAAKLPITRWATIAPNYEYGQSAVARFKKEELLLAARPEVTFVAEQWPALYYKLDAGPTVQALQQAEPEGLFNVLFGADLPKFVREGRVRGLFAGRQVVSMLTGEPEYLNPLKDEAPEGWIVTGYPWYDIDTAPHRAFVEAYRARWKEDPFVGSLVGYNTLTAMMAVAFEKAGGTESETLVETLKDMAFSTPMGPLSFRASDHQSTMGAWVGRTALRDGKGVMVDDWRYVDGGSVLPPPEVVeghhhhhhSAWRPAG	1	387	1.36	X-RAY
1JCD	A	MEMBRANE PROTEIN	ssNAKADQASSDAQTANAKADQASNDANAARSDAQAAKDDAARANQRADNAA	1	52	1.30	X-RAY
2PEF	A	PROTEASE INHIBITOR	MMEKNIDEKFIYNTADFSIELFKNSIDDKENSLISPLSAMMLALAMTANGADNETLAQMEKALGKDISIEDLNKYLYTYMKKLPNEEKSKLTIANSIWFKENDFMPSSKDFLQIIADYYKADIIFKAAFDSSTVSSDINNWVKSKTNGMIDKILNKIDPEDVMYLINAVAFDAEWETVYEKASVHEDIFTDVYGNRQKVEFMNSEENLYIEEENAVGFVKPYAKNHYSFVAILPDENISVNEYIKTLTGQKFIDLIKNAKITLVVRASLLPKFKYEYTTIKMNETLESLGMTDAFLPDKADFSKLGKSDIGNLYISEVLHKTFISVDELGTKAGAVTTSVDITFKTTVKLNRPFIFAIIDNSTNLPIFIGTVLSLKaagipvn	51	423	1.60	X-RAY
3GR4	A	TRANSFERASE	mskphseagtafIQTQQLHAAMADTFLEHMCRLDIDSPPITARNTGIICTIGPASRSVETLKEMIKSGMNVARLNFSHGTHEYHAETIKNVRTATESFASDPILYRPVAVALDTKGPEIRTGLIKGSGTAEVELKKGATLKITLDNAYMEKCDENILWLDYKNICKVVEVGSKIYVDDGLISLQVKQKGADFLVTEVENGGSLGSKKGVNLPGAAVDLPAVSEKDIQDLKFGVEQDVDMVFASFIRKASDVHEVRKVLGEKGKNIKIISKIENHEGVRRFDEILEASDGIMVARGDLGIEIPAEKVFLAQKMMIGRCNRAGKPVICATQMLESMIKKPRPTRAEGSDVANAVLDGADCIMLSGETAKGDYPLEAVRMQHLIAREAEAAIYHLQLFEELRRLAPITSDPTEATAVGAVEASFKCCSGAIIVLTKSGRSAHQVARYRPRAPIIAVTRNPQTARQAHLYRGIFFPVLCKDPVQEAWAEDVDLRVNFAMNVGKARRGFFKKGDVVIVLTGWRPGSGFTNTMRVVPVP	13	531	1.60	X-RAY
3DL0	A	TRANSFERASE	MNLVLMGLPGAGKGTQGERIVEKYGIPHISTGDMFRAAMKEETPLGLEAKSYIDKGEELVPDEVTIGIVKERLGKDDCERGFLLLDGFPRTVAQAEALEEILEEMGKPIDYVINIQVDKDVLMERLTGRRICSVCGTTYHLVFNPPKTPGICDKDGGELYQRADDNEETVTKRLEVNMMKQTAPLLDFYDEKGYLVNVVNGQQDIQDVYADLKVLLGGLK	1	216	1.58	X-RAY
1EDG	A	CELLULOSE DEGRADATION	MYDASLIPNLQIPQKNIPNNDGMNFVKGLRLGWNLGNTFDAFNGTNITNELDYETSWSGIKTTKQMIDAIKQKGFNTVRIPVSWHPHVSGSDYKISDVWMNRVQEVVNYCIDNKMYVILNTHHDVDKVKGYFPSSQYMASSKKYITSVWAQIAARFANYDEHLIFEGMNEPRLVGHANEWWPELTNSDVVDSINCINQLNQDFVNTVRATGGKNASRYLMCPGYVASPDGATNDYFRMPNDISGNNNKIIVSVHAYCPWNFAGLAMADGGTNAWNINDSKDQSEVTWFMDNIYNKYTSRGIPVIIGECGAVDKNNLKTRVEYMSYYVAQAKARGILCILWDNNNFSGTGELFGFFDRRSCQFKFPEIIDGMVKYAFGLIN	1	380	1.60	X-RAY
3L4E	A	HYDROLASE	AKNLFLTSSFKDVVPLFTEFESNLQQGKTVTFIPTASTVEEVTFYVEAGKKALESLGLLVEEELDIATESLGEITTKLRKNDFIYVTGGNTFFLLQELKRTGADKKLLILEEIAAGKLYIGESSAGAVITSPNIAYIQTDSTKKAVNLTNYDALNLVDFSTLPHYNNTPFKEITQKIagksVTEYQIYPISNHEAIFIRGKEVITKRLS	0	205	1.50	X-RAY
1K0M	A	METAL TRANSPORT	maeeqPQVELFVKAGSDGAKIGNCPFSQRLFMVLWLKGVTFNVTTVDTKRRTETVQKLCPGGELPFLLYGTEVHTDTNKIEEFLEAVLCPPRYPKLAALNPESNTAGLDIFAKFSAYIKNSNPALNDNLEKGLLKALKVLDNYLTSPLPEGVDETSAEDEGVSQRKFLDGNELTLADCNLLPKLHIVQVVCKKYRGFTIPEAFRGVHRYLSNAYAREEFASTCPDDEEIELAYEQVAKALk	1	241	1.40	X-RAY
3HKW	A	TRANSFERASE	SMSYSWTGALVTPCAAEEQKLPINALSNSLLRHHNMMVYSTTSRSACQRRQKKVTFDRLQVLDSHYQDVLKEVKAAASKVKANLLSVEEACSLTPPHSARSKFGYGAKDVRCCHARKAVTHINSVWKDLLEDSVVTPIDTTIMAKNEVFekCVQPGGRKPARLIVFPDLGVRVCEKMALYDVVSKLPQAVMMMGSSYGFQYSPGQRVEFLVQAWKSKKKSPMGFSYDTRCCFDSTVTESDIRTEEEAIYQCCDLDPQARVAIKSLTERLYVGGPLTNSKGENCGYRRCRASGVLTTSCGNTLTCYIKARAACRAAGLQDDCTMLVCGDDLVVICESAGVQEDAASLLRAFTEEAMTRYSSAPPGDPPQPEYDLELITSCSSNVSVAHDGAGKRVYYLTRDPTTPLARAAWETARHTPVNSWLGNIIMFAPTLLWARMILMTHFFSSVLIARDQLEQALDCEIIYGACYSIEPLDLPPIIQRLHGLSAFSLHSSYSPGEINRVAACLRKLGVPPLRAWRHRARSSVRAKLLSRGGRAAICGKYLFNWAVRTKLKLTPIAAAGQLvsrarprlehhhhhhDLSGWFTAGYSGGDIYHS	1	578	1.55	X-RAY
3H7H	A	TRANSCRIPTION	MMGALETVPKDLRHLRACLLCSLVKTIDQFEYDGCDNCDAYLQMKGNREMVYDCTSSSFDGIIIAMMSPEDSWVSKWQRVSNFKPGVYAVSVTGRLPQGIVRELKSRGVAYKSRDTAIIKT	0	117	1.55	X-RAY
2IQY	A	HYDROLASE INHIBITOR	SNAMAADIISQWAGPLSSLQEEVDEPPQQHALRVDDYGGVTVDEELGKVLTPTQVMNRRPSSISSWDDGLDPGKLYTLVLTDPDAPSRKKDDPKKFREWHHFLVVNMKKGNDISSGTVLSEYVGSGPPKKDTGLHRYVWLVYEEQEEQQPLNCDEPILSSNNKSGDNRGKFKKVESFRKKYHLGAPVVAGTCFQAEEWDDDSVPKLLHDQLAGK	-2	187	1.40	X-RAY
2O6S	A	IMMUNE SYSTEM	CPSRCSCSGTTVECYSQGRTSVPTGIPAQTTYLDLETNSLKSLPNGVFDELTSLTQLYLGGNKLQSLPNGVFNKLTSLTYLNLSTNQLQSLPNGVFDKLTQLKELALNTNQLQSLPDGVFDKLTQLKDLRLYQNQLKSVPDGVFDRLTSLQYIWLHDNPWDCTCPGIRYLSEWINKHSGVVRNSAGSVAPDSAKCSGSGKPVRSIICP	24	231	1.50	X-RAY
2IMI	A	TRANSFERASE	mSNLVLYTLHLSPPCRAVELTAKALGLELEQKTINLLTGDHLKPEFVKLNPQHTIPVLDDNGTIITESHAIMIYLVTKYGKDDSLYPKDPVKQARVNSALHFESGVLFARMRFIFERILFFGKSDIPEDRVEYVQKSYELLEDTLVDDFVAGPTMTIADFSCISTISSIMGVVPLEQSKHPRIYAWIDRLKQLPYYEEANGGGGTDLGKFVLAKKEENAKA	1	221	1.40	X-RAY
2QGU	A	STRUCTURAL	xfkkllhslvagltfvaavaavpahaqeADAQATVKTAVDDVLATIKGDPDLRGGNLQKVFQLVDQKIVPRADFKRTTQIAGRFWSQATPEQQQQIQQDGFKSLLLIRTYAGALANVRNQTVVAYKPFRAAADDTDVVVRSTVNNNGEPVALDYRRVEKSPNGWKVYDINISGLWLSETYKNQFADVISKRGGVGGLVQFLDERNAQgpakLAK	1	211	1.50	X-RAY
3GYL	B	HYDROLASE	ITGGSSAVVAGQWPWQVSIITYEGVHVCCGGSLVSEQWVLSAAHCCFPSEHHHKEEAYEVKLGAHQLDSYSEDAKKVSSTLKDIIPPHPSYLLQEGSQGDIALLQLSRPITFSRRYIRPISLPAAQASSFPNGLHCTVTGWGHVAPSVSSLLTPKKPLQQLEVPLISSRETTCNSLYNIDAKPEEPHFVVQEDMVCAGYVEEGGKDACQGDSGGPLSCPVEGLWYLTGIVSWGDACGARNRPGVYTLAvvpqtqesqpdsnlSSYASWIQSKVVTELQPR	16	262	1.30	X-RAY
2HLY	A	STRUCTURAL	GYFEGMLIKQTDYFRIYRVINSLLISQNADPASASMYFSSTFGAFILQQHYKVKAVPKGGLAAYNLGGTVLLFADHdgREYVTGAGENFHCWVEADGWAIDFMAPAFSEGTDALAVPAKMFQRPLSAMAASINDLGQSGDFFYRSEPEATARRFADWHKQAMIGDMASVAANWFRKSPKQMAASLSVTDRDGKARTVPLTGEMLTGAW	0	206	1.60	X-RAY
2FOM	A	VIRAL PROTEIN/PROTEASE	GSHMMLEADLELERAADVRRWEEQAEISSGSSSPPILSSISIKNEEEEQTLGtisedgsmgggsgggg	43	104	1.50	X-RAY
2Z79	A	HYDROLASE	aSTDYWQNWTDGGGIVNAVNGSSGGNYSVNWSNTGNFVVVGKGWTTGSPFRTINYNAGVWAPNGNGYLTLYGWTRSPLIIEYYVVDSWGTYRPTGTYKGTVKSDGGTYDIYTTTRYNAPSIDGDRTTTFTQYWSVRQSSKRPTGSNATTITFSSNHVNAWKSHGMNLGSNWAYQVMATAGYQSSGSSSNVTVW	1	185	1.30	X-RAY
3BMZ	A	BIOSYNTHETIC PROTEIN	menrEPPLLPPARWSSSAYVSYWSPMLPDDQLTSSGYCWFDYERDICRIDGLFNPWSERDTGYRLWMSEVGNAASGRTWKQKKVAYGRRERTALGEQQLCCEERPLDDETTGPFAELFLPRDVLRRLGARHIGRRVVLGRREEADGWRYQQRPPGKGPSTLYLDAASGTPPLRMVTGDEASSRASSLRDkrlehhhhhhFPPNVSEAEIPDAVFAA	1	199	1.21	X-RAY
1QHQ	A	ELECTRON TRANSFER	aANAPGGSNVVNETPAQTVEVRAAPDALAFAQTSLSLPANTVVRLDFVNQNNLGVQHNWVLVNGGDDVAAAVNTAAQNNADALFVPPPDTPNALAWTAMLNAGESGSVTFRTPAPGTYLYICTFPGHYLAGMKGTLTVTP	1	140	1.55	X-RAY
3R0L	B	TOXIN/HYDROLASE	xGEIVCGEDDPCCGTQICECDKAAAICFRNSSMMDTed	68	102	1.35	X-RAY
1Z5R	A	HYDROLASE	tGHStYEKYNNWETIEAWTKQVTSENPDLISRTAIGTTFLGNNIYLLKVGKPGPNKPAIFMDCGFHAREWISHAFCQWFVREAVLTYGYESHMTEFLNKLDFYVLPVLNIDGYIYTWTKNRMWRKTRSTNAGTTCIGTDPNRNFDAGWCTTGASTDPCDETYCGSAAESEKETKALADFIRNNLSSIKAYLTIHSYSQMILYPYSYDYKLPENNAELNNLAKAAVKELATLYGTKYTYGPGATTIYPAAGGSDDWAYDQGIKYSFTFELRDKGRYGFILPESQIQATCEETMLAIKYVTNYVLGHL	4	308	1.40	X-RAY
2UYK	A	UNKNOWN FUNCTION	mKKIIETQRAPGAIGPYVQGVDLGSMVFTSGQIPVPQTGEIPADVQDQARLSLENVKAIVVAAGLSVGDIIKMTVFITDLNDFATINEVYKQFFDEHQATYPTRSCVQVARLPKDVKLEIEAIAVRSa	1	129	1.6	X-RAY
3U9Q	A	TRANSCRIPTION	SADLRALAKHLYDSYIKSFPLTKAKARAILTGKTTDKSPFVIYDMNSLMMGEDKIKEVAIRIFQGCQFRSVEAVQEITEYAKSIPGFVNLDLNDQVTLLKYGVHEIIYTMLASLMNKDGVLISEGQGFMTREFLKSLRKPFGDFMEPKFEFAVKFNALELDDSDLAIFIAVIILSGDRPGLLNVKPIEDIQDNLLQALELQLKLNHPESSQLFAKLLQKMTDLRQIVTEHVQLLQVIKKTETDMSLHPLLQEIYKDLkfkhitplqeqs	208	476	1.52	X-RAY
3MZ2	A	HYDROLASE	GNTLQISSNVDDLISSFYQQYADDDeeleykRRIPLISGHRGGRGKGYPENSSETTFENTLSSYTPATFEIDPRLTKKDSSVIVLFHDDTLERTSNGTGKVSDYTWEELQNFRLKDPEGNITNYRIPTLEEEEAIRRWARRGKTILILDKKKKDVPEERTAQLLITDQAEPYVITVHDDGASSSARFFYEKNPNFFEAFVKTKEAVQDYEDNGIPWSHIAYVGPKITPEEVREVIDLHEERGVCISTAPSDDKKLSSTPESSSRAEEAYRIIRQQGVDIIESDRPIEVAEAISSLIPVSSSKGKFFSTL	32	316	1.55	X-RAY
2XKI	A	OXYGEN STORAGE	MVNWAAVVDDFYYQELFKAHPEYQNKFGFKGVALGSLKGNAAYKTQAGKTVDYINAAIGGSADAAGLASRHKGRNVGSSAEFHNAKACLAKACSAHGAPDLGHAIDDILSHL	0	109	1.30	X-RAY
1HBN	A	METHANOGENESIS	ADKLFINALKKKFEESPEEKKTTFYTLGGWKQSERKTEFVNAGKEVAAKRGIPQYNPDIGTPLGQRVLMPYQVSTTDTYVEGDDLHFVNNAAMQQMWDDIRRTVIVGLNHAHAVIEKRLGKEVTPETITHYLETVNHAMPGAAVVQEHMVETHPALVADSYVKVFTGNDEIADEIDPAFVIDINKQFPEDQAETLKAEVGDGIWQVVRIPTIVSRTCDGATTSRWSAMQIGMSMISAYKQAAGEAATGDFAYAAKAEVIHMGTYLPVRARGENEPGGVPFGYLADICQSSRVNYEDPVRVSLDVVATGAMLYDQIWLGSYMSGGVGFTQYATAAYTDNILDDFTYFGKEYVEDKYGLCEAPNNMDTVLDVATEVTFYGLEQYEEYPALLEDQFGGSRAAVVAAAAGCSTAFATGNAQTGLSGWYLSMYLHKEQHSRLGFYYDLQDQGASNVFSIRGDEGLPLELRGPNYPNYAMNVGHQGEYAGISQAPHAARGDAFVFNPLVKIAFADDNLVFDFTNVRGEFAKGALREFEPAGERALITPAk	2	550	1.16	X-RAY
2CDC	A	OXIDOREDUCTASE	MKAIIVKPPNAGVQVKDVDEKKLDSYGKIKIRTIYNGICGADREIVNGKLtlstlpkGKDFLVLGHEAIGVVEESYHGFSQGDLVMPVNRRGCGICRNCLVGRPDFCETGEFGEAGIHHKMDGFMREWWYDDPKYLVKIPKSIEDIGILAQPLADIEKSIEEILEVQKRVPVWTCDDGTLNCRKVLVVGGTTGGPPIGVLFTLLFRTYGLEVWMANRREPTEVEQTVIEETKTNYYNSSNGYDKLKDSVGKFDVIIDAATTGGAADVNILGNVIPLLGRNGVLGLFGFSTSGSVPLDYKTLQEIVHTNKTIIGLVNGQKPHFQQAVVHLASWKTLYPKAAKMLITKTVSINDEKELLKVLREKEHGEIKIRILWE	1	366	1.50	X-RAY
1T6F	A	CELL CYCLE	TLYEALKENEKLHKEIEQKDNEIARLKKENKELAEVA	1	37	1.47	X-RAY
2QVB	A	HYDROLASE	FGVEPYGQPKYLEIAGKRMAYIDEGGKGDAIVFQHGNPTSSYLWRNIMPHLEGLGRLVACDLIGMGASDKLSPSGPDRYSYGEQRDFLFALWDALDLGDHVVLVLHDWGSALGFDWANQHRDRVQGIAFMEAIVTPMTWADWPPAVRGVFQGFRSPQGEPMALEHNIFVERVLPGAILRQLSDEEMNHYRRPFVNGGEDRRPTLSWPRNLPIDGEPAEVVALVNEYRSWLEETDMPKLFINAEPGAIITGRIRDYVRSWPNQTEITVPGVHFVQEDSPEEIGAAIAQFVRRLRSAAG	4	299	1.19	X-RAY
1VIA	A	TRANSFERASE	xslaKNIVFIGFGSGKSTLARALAKDLDLVFLDSDFLIEQKFNQKVSEIFEQKRENFFREQEQKADFFSSCEKACIATGGGFVNVSNLEKAGFCIYLKADFEYLKKRLDKDEISKRPLFYDEIKAKKLYNERLSKYEQKANFILNIENKNIDELLSEIKKVIKeggshhhhhh	1	175	1.57	X-RAY
1TKE	A	LIGASE	MPVITLPDGSQRHYDHAVSPMDVALDIGPGLAKACIAGRVNGELVDACDLIENDAQLSIITAKDEEGLEIIRHSCAHLLGHAIKQLWPHTKMAIGPVIDNGFYYDVDLDRTLTQEDVEALEKRMHELAEKNYDVIKKKVSWHEARETFANRGESYKVSILDENIAHDDKPGLYFHEEYVDMCRGPHVPNMRFCHHFKLMKTAGAYWRGDSNNKMLQRIYGTAWA	1	224	1.46	X-RAY
3BON	A	TOXIN	mQFVNKQFNYKKDPVVNGVDIAYIKnvIPGQMQPVKAFKIHNKIWVIPERDTFTNPEEGDLNpeakPPQVPVSYYDSTYLSTDNEKDNYLLKGVTKLFERIYSTDLGRMLLTSIVRGIPFWGGSTIDTEELKVIDTNCINVIQPDGSYRSEELNLVIIGPSADIIQFECCKSFGHEVLNLTRNGYGSTQYIRFSPDFTFFGFEESSLEEVDTNPLLGAGKFATDPPAVTLAHELIHAGHRLYGIAINPNRVFKVNTNAYYEMSGLEVSFEELRRTFGGHDAKFIDSLQENEFRLLYYYNKFKDDIASTLNKAKSSIVGTTASLQYMKNVFKEKYLLSEDTSGKFSVDKLKFDKLYKMLTEIYTEDNFVKFFKVLNRKTYLNFDKAVFKINIVPKVNYTIYDGFNLRNTNNLAANFNGQNTEIIefNNMNFTKLKNFTGLF	1	425	1.20	X-RAY
2RK3	A	CHAPERONE	mASKKRALVILAKGAEEMETVIPVDVMRRAGIKKVTVAGLAGKDPVQCSRDVVICCPDASLEDAKKKEGPYDVVVLPGGNNLLGAQQNLSESAAVKEEILKEQENNRKGLIATTICAGPTALLAHEIGFGSKVTTHPLAKKDKMMNGGHYTYSENRVEKDGLILLTSRGPGTSFEFALAIVEALNGKEdlehhhhhhVAAQVKAPLVLK	1	197	1.05	X-RAY
3ZQU	A	LYASE	MSGPERITLAMTGASGAQYGLRLLDCLVQEEREVHFLISKAAQLLVMMATETDVALPAKPQQAMQAFLTEYCGAAAGQIRRVFGQNDWMAPPASGSSAPNAMVICPCSTGTLSAVATGACNNLIERAADVALKERRRPLVLVPREAPFSSIIHLENMLKLSNLGAVILPPAAPGFYHQPQSVEDLVDFVVARILNTLGIPQDMLPRWdeGEQQHLVS	1	209	1.50	X-RAY
2V0U	A	TRANSFERASE	GEFLATTLERIEKNFVITDPRLLPPDNPIIFASDSFLQLTEYSREEIILGRNCCRFLQGPETDDRATVRKIRDAIDNQTTEVTVQLIINYTKSGKKFWNLFHLLQPMMRDQKGDVQYFIGVQLDGTEHVRDAAEEREGVMLIKKTAENIDEAAKEL	401	546	1.40	X-RAY
3E+023	A	STRUCTURAL	xepdxtQAFDDDTLRFYRGNATAYAERQPRSATLTKFLGELPAGAKILELGCGAGYQAEALAAGFDVDATDGSPELAAEASRRLGRPVRTLFHQLDAIDAYDAVWAHACLLHVPRDELADVLKLIWRALKPGGLFYASYKSGEGEGRDKLARYYNYPSEEWLRARYAEAGTWASVAVESSEGKGFDQELAQFLHVSVRKPELehhhhhh	1	211	1.60	X-RAY
3SVJ	P	HYDROLASE/HYDROLASE INHIBITOR	mSAIERRITKAAHLIDMNDIIREGNPTLRTVAEEVTFPLSDQEIILGEKMMQFLKHSQDPVMAEKMGLRGGVGLAAPQLDISKRIIAVVLVPveegetpqeNIAYDLEAIMYNPKIVSHSVQDAALGEGEGLSVDRNVPGYVVRHARVTVDYFDKDGEKHRIKLKGYNSIVVQHEIDHINGIMFYDRINEKDPFAVKDGLLILE	1	203	1.55	X-RAY
1OA4	A	HYDROLASE	NQQICDRYGTTTIQDRYVVQNNRWGTSATQCINVTGNGFEITQADGSVPTNGAPKSYPSVYDGCHYGNCAPRTTLPMRISSIGSAPSSVSYRYTGNGVYNAAYDIWLDPTPRTNGVNRTEIMIWFNRVGPVQPIGSPVGTAHVGGRSWEVWTGSNGSNDVISFLAPSAISSWSFDVKDFVDQAVSHGLATPDWYLTSIQAGFEPWEGGTGLAVNSFSSAVNA	1	222	1.5	X-RAY
3KUS	A	PROTEIN BINDING	gLTASSMLASAPPQEQKQMLGERLFPLIQAMHPTLAGKITGMLLEIDNSELLHMLESPESLRSSKVDEAVAVLQAHQAKEAAQKAplgsp	539	626	1.40	X-RAY
3P73	B	IMMUNE SYSTEM	ADLTPKKVQQVYSRFPASSAGTKNVLNCFAAGFHPPKISSITLMKDGVPMEEGAQYYSDMSSFNNDDDWTFQQRLVHADFTPSSSGSTYACKVEHEETLKEPQVYKKWDPEEF	1	99	1.32	X-RAY
3LWC	A	STRUCTURAL	KRKFTIADAASSLktLEERRSSPPGGQQEEAADISVGNLGPITvderhgIIGYGRRYAPGQQSSLTETAVVDDDVIVLEGRLSVSTTDDGGEETVTAGPGEIVYPKGEETVTIRSSHEEEGALTAwrpahaYVTYPH	17	131	1.40	X-RAY
1QOP	B	LYASE	TTLLNPYFGEEFGGMYVPQILMPALNQLEEAFVSAQKDPEFQAQFADLLKNYAGRPTALTKCQNITAGTRTTLYLKREDLLHGGAHKTNQVLGQALLAKRMGKSEIIAETGAGQHGVASALASALLGLKCRIYMGAKDVERQSPNVFRMRLMGAEVIPVHSGSATLKDACNEALRDWSGSYETAHYMLGTAAGPHPYPTIVREFQRMIGEETKAQILDKEGRLPDAVIACVGGGSNAIGMFADFINDTSVGLIGVEPGGHGIETGEHGAPLKHGRVGIYFGMKAPMMQTADGQIEESYSISAGLDFPSVGPQHAYLNSIGRADYVSITDDEALEAFKTLCRHEGIIPALESSHALAHALKMMREQPEEKEQLLVVNLSGRGDKDIFTVHDIkargeiL	2	397	1.4	X-RAY
2PV2	A	ISOMERASE	TELNLSHILIPLPENPTSDQVNEAESQARAIVDQARNGADFGKLAIAHSADQQALNGGQMGWGRIQELPGIFAQALSTAKKGDIVGPIRSGVGFHILKVNDLR	172	274	1.30	X-RAY
1G9O	A	SIGNALING PROTEIN	RMLPRLCCLEKGPNGYGFHLHGEKGKLGQYIRLVEPGSPAEKAGLLAGDRLVEVNGENVEKETHQQVVSRIRAALNAVRLLVVDPETDEQL	9	99	1.50	X-RAY
1SU8	A	OXIDOREDUCTASE	makQNLKSTDRAVQQMLDKAKREGIQTVWDRYEAMKPQCGFGETGLCCRHCLQGPCRINPFGDEPKVGICGATAEVIVARGLDRSIAAGAAGHSGHAKHLAHTLKKAVQGKAASYMIKDRTKLHSIAKRLGIPTEGQKDEDIALEVAKAALADFHEKDTPVLWVTTVLPPSRVKVLSAHGLIPAGIDHEIAEIMHRTSMGCDADAQNLLLGGLRCSLADLAGCYMGTDLADILFGTPAPVVTESNLGVLKADAVNVAVHGHNPVLSDIIVSVSKEMENEARAAGATGINVVGICCTGNEVLMRHGIPACTHSVSQEMAMITGALDAMILDYQCIQPSVATIAECTGTTVITTMEMSKITGATHVNFAEEAAVENAKQILRLAIDTFKRRKGKPVEIPNIKTKVVAGFSTEAIINALSKLNANDPLKPLIDNVVNGNIRGVCLFAGCNNVKVPQDQNFTTIARKLLKQNVLVVATGCGAGALMRHGFMDPANVDELCGDGLKAVLTAIGEANGLGGPLPPVLHMGSCVDNSRAVALVAALANRLGVDLDRLPVVASAAEAMHEKAVAIGTWAVTIGLPTHIGVLPPITGSLPVTQILTSSVKDITGGYFIVELDPETAADKLLAAINERRAGLGLPW	1	636	1.10	X-RAY
1OYG	A	TRANSFERASE	aQKPYKETYGISHITRHDMLQIPEQQKsmketnNEKYQVPEFDSSTIKNISSAKGLDVWDSWPLQNADGTVANYHGYHIVFALAGDPKNADDTSIYMFYQKVGETSIDSWKNAGRVFKDSDKFDANDSILKDQTQEWSGSATFTSDGKIRLFYTDFSGKHYGKQTLTTAQVNVSASDSSLNINGVEDYKSIFDGDGKTYQNVQQFIDEGNYSSGDNHTLRDPHYVEDKGHKYLVFEANTGTEDGYQGEESLFNKAYYGKSTSFFRQESQKLLQSDKKRTAELANGALGMIELNDDYTLKKVMKPLIASNTVTDEIERANVFKMNGKWYLFTDSRGSKMTIDGITSNDIYMLGYVSNSLTGPYKPLNKTGLVLKMDLDPNDVTFTYSHFAVPQAKGNNVVITSYMTNRGFYADKQSTFAPSFLLNIKGKKTSVVKDSILEQGQLTVNK	27	473	1.50	X-RAY
