7ODCA;7ODC;A;LYASE;mSSFTKDEFDCHILDEGFTAKDILDQKINevsssdDKDAFYVADLGDILKKHLRWLKALPRVTPFYAVKCNDSRAIVSTL\nAAIGTGFDCASKTEIQLVQGLGVPAERVIYANPCKQVSQIKYAASNGVQMMTFDSEIELMKVARAHPKAKLVLRIATdds\nkavcrlsvKFGATLKTSRLLLERAKELNIDVIGVSFHVGSGCTDPDTFVQAVSDARCVFDMATEVGFSMHLLDIGGGFPG\nSEDTKLKFEEITSVINPALDKYFPSDSGVRIIAEPGRYYVASAFTLAVNIIAKKTVWkeqpgsddedesnEQTFMYYVND\nGVYGSFNCILYDHAHVKALLQKRPKPDEKYYSSSIWGPTCDGLDRIVERCNLPEMHVGDWMLFENMGAYTVAAASTFNGF\nQRPNIYYVMSRPMWQLMKqiqshg;1;424;1.60;X-RAY
1IO7A;1IO7;A;OXIDOREDUCTASE;MYDWFSEMRKKDPVYYDGNIWQVFSYRYTKEVLNNFSKFSSDLTGYHERLEDLRNGKIRFDIPTRYTMLTSDPPLHDELR\nSMSADIFSPQKLQTLETFIRETTRSLLDSIDPREDDIVKKLAVPLPIIVISKILGLPIEDKEKFKEWSDLVAFRLGKPGE\nIFELGKKYLELIGYVKDHLNSGTEVVSRVVNSNLSDIEKLGYIILLLIAGNETTTNLISNSVIDFTRFNLWQRIREENLY\nLKAIEEALRYSPPVMRTVRKTKERVKLGDQTIEEGEYVRVWIASANRDEEVFHDGEKFIPDRNPNPHLSFGSGIHLCLGA\nPLARLEARIAIEEFSKRFRHIEILDTEKVPNEVLNGYKRLVVRLKSne;1;368;1.50;X-RAY
2QUDA;2QUD;A;RNA BINDING PROTEIN;GGSMSKTIVLSVGEATRTLTEIQSTADRQIFEEKVGPLVGRLRLTASLRQNGAKTAYRVNLKLDQADVVDSGLPKVRYTQ\nVWSHDVTIVANSTEASRKSLYDLTKSLVATSQVEDLVVNLVPLGR;-3;127;1.60;X-RAY
3T47A;3T47;A;IMMUNE SYSTEM;gstgshtyQHQALVDQLHELIANTDLNKLSYLNLDAFQKRDILAAHYIAKSAIRTKNLDQMTKAKQRLESIYNSISNPLh\ns;3;83;1.30;X-RAY
1CG5B;1CG5;B;OXYGEN TRANSPORT;VKLSEDQEHYIKGVWKDVDHKQITAKALERVFVVYPWTTRLFSKLQGLFSANDIGVQQHADKVQRALGEAIDDLKKVEIN\nFQNLSGKHQEIGVDTQNFKLLGQTFMVELALHYKKTFRPKEHAAAYKFFRLVAEALSSNYH;1;141;1.60;X-RAY
1D2SA;1D2S;A;TRANSPORT PROTEIN;PPAVHLSNGPGQEPIAVMTFDLTKITKTSSSFEVRTWDPEGVIFYGDTNPKDDWFMLGLRDGRPEIQLHNHWAQLTVGAG\nPRLDDGRWHQVEVKMEGDSVLLEVDGEEVLRLRQVSGHPIMRIALGGLLFPASNLRLPLVPALDGCLRRDSWLDKQAEIS\nASAPTSLRSC;13;188;1.55;X-RAY
3L1NA;3L1N;A;LIPID BINDING PROTEIN;EATKVQRDISAFKKVQNISLAVNKFNVDIERYVGGDASHLLADGNVLIKATLDGVQSLQNEPPLSSEALALVGPVQDLSN\nQILAIQNLIDKKEPLVQAGFGGKVENNLRQQEEAAQKLSELVSTKVPHELADISRQLSDGIAAGIKKtGkIvDkArF;6;160;1.30;X-RAY
3OOOA;3OOO;A;HYDROLASE;ASKLNRIRHHLHSVQAELAVFSDPVTVNYLTGFFCDPHERQFLFVYEDRDPILFVPALEVSRAKQSVPFPVFGYIDSENP\nWQKIASNLPSFSVSKVLAEFDNLNVTKFQGLQTVFDGHFENLTPYIQNR;0;131;1.57;X-RAY
3BOMA;3BOM;A;OXYGEN STORAGE/TRANSPORT;SLSAKDKANVKAIWGKILPKSDEIGEQALSRMLVVYPQTKAYFSHWASVAPGSAPVKKHGITIMNQIDDCVGHMDDLFGF\nLTKLSELHATKLRVDPTNFKILAHNLIVVIAAYFPAEFTPEIHLSVDKFLQQLALALAEKYR;1;142;1.35;X-RAY
2X8JA;2X8J;A;HYDROLASE;mRKFRLIPYKQVDKVSALSEVPMGVEIVEAPAVWRASAKGAGQIIGVIDTGCQVDHPDLAERIIGGVNLTTDYGGDETNF\nSDNNGHGTHVAGTVAAAETGSGVVGVAPKADLFIIKALSGDGSGEMGWIAKAIRYAVDWRGPKGEQMRIITMSLGGPTDS\nEELHDAVKYAVSNNVSVVAAGNnegdgredtEFAYPAAYNEVIAVGAVDFDLRLSDFNtntEEIDIVAPGVGIKSTYLDS\nGYAELSGTAMAAPHVAGALALIINLAEDAFKRSLSETEIYAQLVRRATPIGFTAQAEGNGFLTLDLVERITGQFTekgkk\nhhhhhh;1;327;1.56;X-RAY
3AJ6A;3AJ6;A;TOXIN;msqTNANDLRNNEVFFISPSNNTNKVLDKISQSEVKLWNKLSGANQKWRLIYDTNKQAYKIKVMDNTSLILTWNAPLSSV\nSVKTDTNGDNQYWYLLQNYISRNVIIRNYMNPNLVLQYNIDDTLMVSTQTSSSNQFFKFSNCIYEALNNRNCKLQTQLNS\nDRFLSKNLNSQIIVLWQWIDSSRQKWIIEYNETKSAYTLKCQENNRYLTWIQNSNNYVETYQSTDSLIQYWNINYLDNDA\nSKYILYNLQDTNRVLDVYNSQIANGTHVIVDSYHGNTNQQWIINLI;1;286;1.48;X-RAY
3M0ZA;3M0Z;A;LYASE;NAKLTPNFYRDRVCLNVLAGSKDNAREIYDAAEGHVLVGVLSKNYPDVASAVVDRDYAKLIDNALSVGLGAGDPNQSAVS\nEISRQVQPQHVNQVFTGVATSRALLGQNETVVNGLVSPTGTPGVKISTGPLSSGAADGIVPLETAIALLKDGGSSIKYFP\nGGLKHRAEFEAVAKACAAHDFWLEPTGGIDLENYSEILKIALDAGVSKIIPHIYSSIIDKASGNTRPADVRQLLETKQLV\nK;-1;246;1.20;X-RAY
2GPIA;2GPI;A;UNKNOWN FUNCTION;GNQSIIFTEQLTWDVQLSAIHFTAQQQGVIDCYIGQKVLEHLAAEKINNSEQALSLFEQFRFDIEEQAEKLIEQEAFDVQ\nGHIQVERVD;0;90;1.60;X-RAY
3AK8A;3AK8;A;METAL BINDING;mstaklvktkasnLLYTRNDVSESDKKATVELLNRQVIQFIDLSLITKQAHWNMRGANFIAVHEMLDGFRTALTDHLDTM\nAERAVQLGGVALGTTQVINSKTPLKSYPLDIHNVQDHLKELADRYAVVANDVRKAIGEAKDEDTADIFTAASRDLDKFLW\nFIESNIE;1;167;1.25;X-RAY
2X5PA;2X5P;A;PROTEIN BINDING;GAMVDTLsglsseqgqsgdmtieeDSATHIKFSKRDIDGKELAGATMELRDSSGKTISTWISDGQVKDFYLMPGKYTFVE\nTAAPDGYEVATAITFTVNEQGQVTVNGKATKGDAHIVMVDA;-2;118;1.60;X-RAY
3EBTA;3EBT;A;UNKNOWN FUNCTION;GSNNQTVRESYEAFHRRDLPGVLAALAPDVRWTHPDGSPYGLGGTKHGHDEVIAFIRHVPTHIAERLAPDEFIESGERIV\nVLGTRRVTAVNGRSATLKFVHVWRFENGRAVTFEDHFDTAEIRLITA;2;131;1.30;X-RAY
2BCEA;2BCE;A;HYDROLASE;AKLGSVYTEGGFVEGVNKKLSLFGDSVDIFKGIPFAAAPKALEKPERHPGWQGTLKAKSFKKRCLQATLTQDSTYGNEDC\nLYLNIWVPQGRKEVSHDLPVMIWIYGGAFLMGasqganfLSNYLYDGEEIATRGNVIVVTFNYRVGPLGFLSTGDSNLPG\nNYGLWDQHMAIAWVKRNIEAFGGDPDQITLFGESAGGASVSLQTLSPYNKGLIKRAISQSGVGLCPWAIQQDPLFWAKRI\nAEKVGCPVDDTSKMAGCLKITDPRALTLAYKLPLGSTEYPKLHYLSFVPVIDGDFIPDDPVNLYANAADVDYIAGTNDMD\nGHLFVGMDVPAINSNKQDVTEEDFYKLVSGLTVTKGLRGAQATYEVYTEPWAQDSSQETRKKTMVDLETDILFLIPTKIA\nVAQHKSHAKSANTYTYLFSQPSRMPIYPKWMGADHADDLQYVFGKPFATPLGYRAQDRTVSKAMIAYWTNFARTGDPNTG\nHSTVPANWDPYTLEDDNYLEINKQMDSNSMKLHLRTNYLQFWTQTYQALPTVTsagasllppednsqaspvppadnsgap\ntepsagdsevaqmPVVIGF;1;579;1.60;X-RAY
2NWRA;2NWR;A;TRANSFERASE;mKKVEVEEEEEKKKKFFLLVVVVEIAAAGGGPPPNNAAIIIEEKRSSSHIIlgdksgpvk;1001;1267;1.50;X-RAY
2OLRA;2OLR;A;LYASE;mrvnnGLTPQELEAYGISDVHDIVYNPSYDLLYQEELDPSLTGYERGVLTNLGAVAVDTGIFTGRSPKDKYIVRDDTTRD\nTFWWADKGKGKNDNKPLSPETWQHLKGLVTRQLSGKRLFVVDAFCGANPDTRLSVRFITEVAWQAHFVKNMFIRPSDEEL\nAGFKPDFIVMNGAKCTNPQWKEQGLNSENFVAFNLTERMQLIGGTWYGGEMKKGMFSMMNYLLPLKGIASMHCSANVGEK\nGDVAVFFGLSGTGKTTLSTDPKRRLIGDDEHGWDDDGVFNFEGGCYAKTIKLSKEAEPEIYNAIRRDALLENVTVREDGT\nIDFDDGSKTENTRVSYPIYHIDNIVKPVSKAGHATKVIFLTADAFGVLPPVSRLTADQTQYHFLSGFTAKLAGTERGITE\nPTPTFSACFGAAFLSLHPTQYAEVLVKRMQAAGAQAYLVNTGWNGTGKRISIKDTRAIIDAILNGSLDNAETFTLPMFNL\nAIPTELPGVDTKILDPRNTYASPEQWQEKAETLAKLFIDNFDKYTDTPAGAALVAAGPKL;1;540;1.60;X-RAY
1T9HA;1T9H;A;HYDROLASE;ARHHHHHHMPEGKIIKALSGFYYVLDESEDSDKVIQCRGRGIFRKNKITPLVGDYVVYQAENDKEGYLMEIKERTNELIR\nPPICNVDQAVLVFSAVQPSFSTALLDRFLVLVEANDIQPIICITKMDLIEDQDTEDTIQAYAEDYRNIGYDVYLTSSKDQ\nDSLADIIPHFQDKTTVFAGQSGVGKSSLLNAISPelglrtneisehlgrgkhtTRHVELIHTSGGLVADTPGFSSLEFTD\nIEEEELGYTFPDIREKSSSCKFRGCLHLKEPKCAVKQAVEDGELKQYRYDHYVEFMTEIKDRKPRY;-7;298;1.60;X-RAY
1O26A;1O26;A;TRANSFERASE;HHMKIDILDKGFVELVDVMGNDLSAVRAARVSFDMGLKDEERDRHLIEYLMKHGHETPFEHIVFTFHVKAPIFVARQWFR\nHRIASYNELSGRYSKLSYEFYIPSPERLEGYKTTIPPERVTEKISEIVDKAYRTYLELIESGVPREVARIVLPLNLYTRF\nFWTVNARSLMNFLNLRADSHAQWEIQQYALAIARIFKEKCPWTFEAFLKYAYKGDILKEvqv;-1;220;1.60;X-RAY
2CVIA;2CVI;A;STRUCTURAL;MVTAFILMVTAAGKEREVMEKLLAMPEVKEAYVVYGEYDLIVKVETDTLKDLDQFITEKIRKMPEIQMTSTMIAILEHHH\nHHH;1;83;1.50;X-RAY
1OJJA;1OJJ;A;HYDROLASE;KPGETKEVHPQLTTFRCTKRGGCKPATNFIVLDSLSHPIHRAEGLGPGGCGDWGNPPPKDVCPDVESCAKNCIMEGIPDY\nSQYGVTTNGTSLRLQHILPDGRVPSPRVYLLDKTKRRYEMLHLTGFEFTFDVDATKLPCGMNSALYLSEMHPTGAKSKYN\nPGGAYYGTGYCDAQCFVTPFINGLGNIEGKGSCCNSMDIWEANSRASHVAPHTCNKKGLYLCEGEECAFEGVCDKNGCGW\nNNYRVNVTDYYGRGEEFKVNTLKPFTVVTQFLANRRGKLEKIHRFYVQDGKVIESFYTNKEGVPYTNMIDDEFCEATGSR\nKYMELGATQGMGEALTRGMVLAMSIWWDQGGNMEWLDHGEAGPCAKGEGAPSNIVQVEPFPEVTYTNLRWGEIGSTYQel\nq;2;402;1.4;X-RAY
2HE2A;2HE2;A;SIGNALING PROTEIN;SMEPRKVVLHKGSTGLGFNIVGGEDGEGIFVSFILAGGPADLSGELQRGDQILSVNGIDLRGASHEQAAAALKGAGQTVT\nIIAQYQPEDYARFEAKIHETSV;-1;517;1.50;X-RAY
1YD9A;1YD9;A;STRUCTURAL PROTEIN;gplgsGFTVLSTKSLFLGQKLQVVQADIASIDSDAVVHPTNTDFYIGGEVGSTLEKKGGKEFVEAVLELRKKNGPLEVAG\nAAVSAGHGLPAKFVIHCNSPVWGSDKCEELLEKTVKNCLALADDRKLKSIAFPSIGSGRNGFPKQTAAQLILKAISSYFV\nSTMSSSIKTVYFVLFDSESIGIYVQEMAKLDAN;1;193;1.60;X-RAY
1P0HA;1P0H;A;TRANSFERASE;ALDWRSALTADEQRSVRALVTATTAVDGVAPVGEQVLRELGQQRTEHLLVAGSRPGGPIIGYLNLSPPrgaGGAMAELVV\nHPQSRRRGIGTAMARAALAKTAGRNQFWAHGTLDPARATASALGLVGVRELIQMRRPLRDIPEPTIPDGVVIRTYAGTSD\nDAELLRVNNAAFAGHPEQGGWTAVQLAERRGEAWFDPDGLILAFGDsprerpGRLLGFHWTKVHPDHPGLGEVYVLGVDP\nAAQRRGLGQMLTSIGIVSLARRLggrktldpaVEPAVLLYVESDNVAAVRTYQSLGFTTYSVDTAYmAagtdntL;3;315;1.60;X-RAY
3OJGA;3OJG;A;HYDROLASE;EMVETVCGPVPVEQLGKTLIHEHFLFGYPGFQGDVTRGTFREDESLRVAVEAAEKMKRHGIQTVVDPTPNDCGRNPAFLR\nRVAEETGLNIICATGYYYEGEGAPPYFQFRRLLGTAEDDIYDMFMAELTEGIADTGIKAGVILASSKGRITEYEKMFFRA\nAARAQKETGAVIITHTQEGTMGPEQAAYLLEHGADPKKIVIGHMCGNTDPDYHRKTLAYGVYIAFDRFGIQGMVGAPTDE\nERVRTLLALLRDGYEKQIMLSHNTVNVWLGRPFTLPEPFAEMMKNWHVEHLFVNIIPALKNEGIRDEVLEQMFIGNPAAL\nmFaaS;3;326;1.60;X-RAY
2O6YA;2O6Y;A;LYASE;mlamspPKPAVELDRHIDLDQAHAVASGGARIVLAPPARDRCRASEARLGAVIREARHVYGLTTGFGPLANRLISGENVR\nTLQANLVHHLASGVGPVLDWTTARAMVLARLVSIAQGASGASEGTIARLIDLLNSELAPAVPSRGTVGDLTPLAHMVLCL\nQGRGDFLDRDGTRLDGAEGLRRGRLQPLDLSHRDALALVNGTSAMTGIALVNAHACRHLGNWAVALTALLAECLRGRTEA\nWAAALSDLRPHPGQKDAAARLRARVDGSARVVRHVIAERRLDAGDIGTEPEAGQDAYSLRCAPQVLGAGFDTLAWHDRVL\nTIELNAVTDNPVFPPDGSVPALHGGNFMGQHVALTSDALATAVTVLAGLAERQIARLTDERLNRGLPPFLHRGPAGLNSG\nFMGAQVTATALLAEMRATGPASIHSISTNAANQDVVSLGTIAARLCREKIDRWAEILAILALCLAQAAELRCGSGLDGVS\nPAGKKLVQALREQFPPLETDRPLGQEIAALATHLLQQSPV;1;523;1.50;X-RAY
1KMVA;1KMV;A;OXIDOREDUCTASE;VGSLNCIVAVSQNMGIGKNGDLPWPPLRNEFRYFQRMTTTSSVEGKQNLVIMGKKTWFSIPEKNRPLKGRINLVLSRELK\nEPPQGAHFLSRSLDDALKLTEQPELANKVDMVWIVGGSSVYKEAMNHPGHLKLFVTRIMQDFESDTFFPEIDLEKYKLLP\nEYPGVLSDVQEEKGIKYKFEVYEKND;1;185;1.05;X-RAY
2I0KA;2I0K;A;OXIDOREDUCTASE;stgpvAPLPTPPNFPNDIALFQQAYQNWSKEIMLDATWVCSPKTPQDVVRLANWAHEHDYKIRPRGAMAGWTPLTVEKGA\nNVEKVILADTMTHLNGITVNTGGPVATVTAGAGASIEAIVTELQKHDLGWANLPAPGVLSIGGALAVNAHGAALPAVGQT\nTLPGHTYGSLSNLVTELTAVVWNGTTYALETYQRNDPRITPLLTNLGRCFLTSVTMQAGPNFRQRCQSYTDIPWRELFAP\nKGADGRTFEKFVAESGGAEAIWYPFTEKPWMKVWTVSptkpdssnevgslgsagslvGKPPQAREVSGPYNYIFSDNLPE\nPITDMIGAINAGNPGIAPLFGPAMYEITKLGLAATNANDIWGWSKDVQFYIKATTLRLTEGGGAVVTSRANIATVINDFT\nEWFHERIEFYRAKGEFPLNGPVEIRCCGLDQAADVKVPSVGPPTISATRPRPDHPDWDVAIWLNVLGVPGTPGMFEFYRE\nMEQWMRSHYNNDDATFRPEWSKGWAFGPDPYTDNDIVTNKMRATYIEGVPTTENWDTARARYNQIDPHRVFTNGFMDKLL\nP;53;613;1.60;X-RAY
2HXSA;2HXS;A;SIGNALING PROTEIN;GSHMRQLKIVVLGDGASGKTSLTTCFAQETFGKQYKQTIGLDFFLRRITLPGNLNVTLQIWDIGGQTIGGKMLDKYIYGA\nQGVLLVYDITNYQSFENLEDWYTVVKKVSEESETQPLVALVGNKIDLEHMRTIKPEKHLRFCQENGFSSHFVSAKTGDSV\nFLCFQKVAAEILGIKLNK;7;184;1.10;X-RAY
2W9DL;2W9D;L;IMMUNE SYSTEM;IVLTQSPAIMSASPGEKVTMTCSASSSVSYMHWYQQKSGTSPKRWIYDTSKLASGVPARFSGSGSGTSYSLTISSMEAED\nAATYFCHQWRSNPYTFGGGTKLEIKRADAAPTVSIFPPSSEQLTSGGASVVCFLNNFYPKDINVKWKIDGSERQNGVLNS\nWTDQDSKDSTYSMSSTLTLTKDEYERHNSYTCEATHKTSTSPIVKSFNRNe;2;212;1.57;X-RAY
3M0UA;3M0U;A;SIGNALING PROTEIN;mdetGKELVLALYDYQEKSPDEVTMKKGDILTLLNSTNKDWWKVEVNDRQGFVPAAYVKKLD;1;62;1.10;X-RAY
1AIEA;1AIE;A;P53 TETRAMERIZATION;EYFTLQIRGRERFEMFRELNEALELKDAQAG;326;356;1.50;X-RAY
2PR7A;2PR7;A;HYDROLASE;GRGLIVDYAGVLDGTDEDQRRWRNLLAAAKKNGVGTVILSNDPGGLGAAPIRELETNGVVDKVLLSGELGVEKPEEAAFQ\nAAADAIDLPRDCVLVDDSILNVRGAVEAGLVGVYYQQFDRAVVEIVGLFGLEGEF;0;136;1.44;X-RAY
1P9HA;1P9H;A;CELL ADHESION;mrgshhhhhhddydgiPNLTAVQISPNADPALGLEYpvrppvpgagGLNASAKGIHSIAIGATAEAAKGAAVAVGAGSIA\nTGVNSVAIGPLSKALGDSAVTYGAASTAQKDGVAIGARASTSDTGVAVGFNSKADAKNSVAIGHSSHVAANHGYSIAIGD\nRSKTDRENSVSIGHESLNRQLTHLAAGTKDTDAVNVAQLKKEIEKtqentnkrsaellananayad;16;241;1.55;X-RAY
2W2AA;2W2A;A;LYASE;TKTFKTLDDFLGTHFIYTYDNGWEYEWYAKNDHTVDYRIHGGMVAGRWVTDQKADIVMLTEGIYKISWTEPTGTDVALDF\nMPNEKKLHGTIFFPKWVEEHPEITVTYQNEHIDLMEQSREKYATYPKLVVPEFANITYMGDAGQNNEDVISEAPYKEMPN\nDIRNGKYFDQNYHRmnkL;2;178;1.38;X-RAY
1MG4A;1MG4;A;TRANSFERASE;gamdpeftlsseKKAKKVRFYRNGDRYFKGIVYAISPDRFRSFEALLADLTRTLSDNVNLPQGVRTIYTIDGLKKISSLD\nQLVEGESYVCGSIEPFKKLEYTKNVNPNWSVNV;42;154;1.50;X-RAY
3T65A;3T65;A;IMMUNE SYSTEM;DIVMSQSPSSLAVSAGEKVTMSCKSSQSLLNYLAWYQQKPGQSPKLLIYWASTRESGVPDRFTGSGSGTDFTLTITSVQA\nEDLAVYYCKQSYNLRTFGGGTKLEIKRADAAPTVSIFPPSSEQLTSGGASVVCFLNNFYPKDINVKWKIDGSERQNGVLN\nSWTDQDSKDSTYSMSSTLTLTKDEYERHNSYTCEATHKTSTSPIVKSFNRNEC;1;213;1.45;X-RAY
1HBNC;1HBN;C;METHANOGENESIS;AQYYPGTTKVAQNRRNFCNPEYELEKLREISDEDVVKILGHRAPGEEYPSVHPPLEEMDEPEDAIREMVEPIDGAKAGDR\nVRYIQFTDSMYFAPAQPYVRSRAYLCRYRGADAGTLSGRQIIETRERDLEKISKELLETEFFDPARSGVRGKSVHGHSLR\nLDEDGMMFDMLRRQIYNKDTGRVEMVKNQIGDELDEPVDLGEPLDEETLMEKTTIYRVDGEAYRDDVEAVEIMQRIHVLR\nSQGGFNLe;2;249;1.16;X-RAY
3L12A;3L12;A;HYDROLASE;GFSQLEGLRGHPSVVRVIGHRGARGVPENTLEGFAFTLAAGVRALEFDVVTADGVPVVTHNHHLANATRDGQGHWLTGAE\nRQVAETYAEIRALDVGGLDGRTVYGRRFPDQAFLTGIHVPRLGELLDLCAGYGDQAPYLLLELKSDPALHDHAARAEVAA\nVLADVRRYREPRTVHSFDWALLGECRRQAPDLPTSYLSQLPEGPDYDRTEnaddpgedsakpvSLPQAVASAGGQLWCPY\nFLDVTPELVAEAHDLGLIVLTWTVNEPEDIRRATTGVDGIVTDYPGRTQRILIDGLSxWnT;3;312;1.60;X-RAY
2RB7A;2RB7;A;HYDROLASE;GSSQHIVELTSDLIRFPSHSRPEQISRCAGFIDWCAQNGIHAERDHDGIPSVVLPEKGRAGLLLAHIDVVDAEDDLFVPR\nVENDRLYGRGANDDKYAVALGLVFRDRLNALKAAGRSQKDALGLLITGDEEIGGNGAAKALPLIRADYVVALDGGNPQQV\nITKEKGIIDIKLTCTGKAAHGARPWGVNAVDLLEDYTRLKTLFAEENEDHWHRTVNLGRIRAGESTNKVPDVAEGWFNIR\nVTEHDDPGALIDKIRKTVSGTVSIVRTVPVFLAADSPYTERLLALSGATAGKAHGASDARYLGENGLTGVVWGAEGFNTL\nHSRDECLHIPSLQSIYDPLQLAREEEhaav;0;363;1.60;X-RAY
1VZIA;1VZI;A;OXIDOREDUCTASE;PERLQVYKCEVCGNIVEVLNGGIGELVCCNQDMKLMSENTVDAAKAKHVPVIEKIDGGYKVKVGAVAHPMEEKHYIQWIE\nLLADDKCYTQFLKPGQAPEAVFLIEAAKVVAREYCNIHGHWKAEN;1;125;1.15;X-RAY
2GB4A;2GB4;A;TRANSFERASE;DAEVQKNQVLTLEDWKEKWVTRHISFHQEQGHQLLKKHLDTFLKGQSGLRVFFPLCGKAIEMKWFADRGHTVVGVEISEI\nGIREFFAEQNLSYTEEPLAEIAGAKVFKSSSGSISLYCCSIFDLPRANIGKFDRIWDRGALVAINPGDHDRYADIILSLL\nRKEFQYLVAVLSYDPTKHAGPPFYVPSAELKRLFGTKCSMQCLEEVDALEERHKAWGLDYLFmEsKlLdYmLkLeThEpK;10;240;1.25;X-RAY
2BSYA;2BSY;A;HYDROLASE;meaCPHIRYAFQNDKLLLQQASVGRLTLVNKTTILLRPMKTTTVDLGLYARPPEGHGLMLWGSTSRPVTSHVGIIDPGYT\nGELRLILQNQRRYNSTLRPSELKIHLAAFRYATPQMeedkGPINHPQYPGDVGLDVSLPKDLALFPHQTVSVTLTVPPPS\nIPHHRPTIFGRSGLAMQGILVKPCRWRRGGVDVSLTNFSDQTVFLNKYRRFCQLVYLHKHHLTSFYSPHSDAGVLGPRSL\nFRWASCTFEEVPSLAMgdsglsealegrqgrgfgssgq;1;278;1.5;X-RAY
3HNYM;3HNY;M;BLOOD CLOTTING;dlnNNNQQQFFFFLLLFSSSSSSNMPPPPLLGGMEESKTTNNNMMM;2170;2328;1.07;X-RAY
1QFTA;1QFT;A;LIGAND BINDING PROTEIN;NQPDWADEAANGAHQDAWKSLKADVENVYYMVKATYKNDPVWGNDFTCVGVMANDVNEDEKSIQAEFLFMNNADTNMQFA\nTEKVTAVKMYGYNRENAFRYETEDGQVFTDVIAYSDDNCDVIYVPGTDGNEEGYELWTTDYDNIPANCLNKFNEYAVGRE\nTRDVFTSACLEIAAA;1;175;1.25;X-RAY
1EAQA;1EAQ;A;TRANSCRIPTION/DNA;sgdrSVEVLADHPGELVRTDSPNFLSSVLPTHWRSNKTLPIAFKVVALGDVPDGTLVTVAGNDENYSAELRNATAAKNQV\nARFNDLRFVGRSGRGKSFTLTITVFTNPPQVATYHRAIKITVDGPreprrhrqkldd;46;185;1.25;X-RAY
2O1QA;2O1Q;A;OXIDOREDUCTASE;LKSKIKEEYVQDQVDWKPFPAAFSTGGIRWKLLHVSPEGSWTAIFDCPAGSSFAAHVHVGPGEYFLTKGKDVRGGKAAGG\nDTAIAPGYGYESANARHDKTEFPVASEFYSFLGPLTFVKPDGSPIAVIGWEDAQGAWAA;2;144;1.50;X-RAY
3PA6A;3PA6;A;CELL CYCLE;AAPILKDVVAYVEVWSSNGTENYSKTFTTQLVDGAKVSKTFNKQVTHVIFKDGYQSTWDKAQKRGVKLVSVLWVEKCRTA\nGAHIDESLFPAANNEHxLsslik;2;105;1.50;X-RAY
3FSSA;3FSS;A;CHAPERONE;ghxseTNTIFKLEGVSVLSPLRKKLDLVFYLSNVDGSPVITLLKGNDRELSIYQLNKNIKASFLPVPEKPNLIYLFTYTS\nCEDNKFSEPVVTLNKENTLNQFKKLGLLDSNVTDFEKCVEYIRKQAILTGFKISNPFVKINnstlvdtdaeSFHLQCHRG\nTKEGTLYFLPDHIIFGFKKPILLLDASDIESITYSSITRLTFNASLVTKDGEKYEFSIDQTEYAKIDDYVKRK;65;301;1.43;X-RAY
1W2IA;1W2I;A;HYDROLASE;mAIVRAHLKIYGRVQGVGFRWSMQREARKLGVNGWVRNLPDGSVEAVLEGDEERVEALIGWAHQGPPLARVTRVEVKWEQ\nPKGEKGFRIVG;1;91;1.5;X-RAY
1PA2A;1PA2;A;OXIDOREDUCTASE;MQLNATFYSGTCPNASAIVRSTIQQALQSDTRIGASLIRLHFHDCFVNGCDASILLDDTGSIQSEKNAGPNVNSARGFNV\nVDNIKTALENACPGVVSCSDVLALASEASVSLAGGPSWTVLLGRRDSLTANLAGANSSIPSPIESLSNITFKFSAVGLNT\nNDLVALSGAHTFGRARCGVFNNRLFNFSGTGNPDPTLNSTLLSTLQQLCPQNGSASTITNLDLSTPDAFDNNYFANLQSN\nDGLLQSDQELFSTTGSSTIAIVTSFASNQTLFFQAFAQSMINMGNISPLTGSNGEIRLDCKKVNGS;0;305;1.45;X-RAY
3I45A;3I45;A;SIGNALING PROTEIN;mSLEAIRIGEINSYSQIPAFTLPYRNGWQLAVEQINAAGGLLGGRPLEVISRDDGGDPGKAVTAAQELLTRHGVHALAGT\nFLSHVGLAVSDFARQRKVLFMASEPLTDALTWEKGNRYTYRLRPSTYMQAAMLAAEAAKLPITRWATIAPNYEYGQSAVA\nRFKELLLAARPEVTFVAEQWPALYKLDAGPTVQALQQAEPEGLFNVLFGADLPKFVREGRVRGLFAGRQVVSMLTGEPEY\nLNPLKDEAPEGWIVTGYPWYDIDTAPHRAFVEAYRARWKEDPFVGSLVGYNTLTAMAVAFEKAGGTESETLVETLKDMAF\nSTPMGPLSFRASDHQSTMGAWVGRTALRDGKGVMVDWRYVDGGSVLPPPEVVSAWRPAGeghhhhhh;1;387;1.36;X-RAY
1JCDA;1JCD;A;MEMBRANE PROTEIN;ssNAKADQASSDAQTANAKADQASNDANAARSDAQAAKDDAARANQRADNAA;1;52;1.30;X-RAY
2PEFA;2PEF;A;PROTEASE INHIBITOR;MEKNIDEKFIYNTADFSIELFKNSIDDKENSLISPLSAMLALAMTANGADNETLAQMEKALGKDISIEDLNKYLYTYMKK\nLPNEEKSKLTIANSIWFKENDFMPSKDFLQIIADYYKADIFKAAFDSSTVSDINNWVKSKTNGMIDKILNKIDPEDVMYL\nINAVAFDAEWETVYEKASVHEDIFTDVYGNRQKVEFMNSEENLYIEEENAVGFVKPYAKNHYSFVAILPDENISVNEYIK\nTLTGQKFIDLIKNAKITLVRASLPKFKYEYTIKMNETLESLGMTDAFLPDKADFSKLGKSDIGNLYISEVLHKTFISVDE\nLGTKAGAVTSVDITaagipvnFKTVKLNRPFIFAIIDNSTNLPIFIGTVLSLK;51;423;1.60;X-RAY
3GR4A;3GR4;A;TRANSFERASE;IQTQQLHAAMADTFLEHMCRLDIDSPPITARNTGIICTIGPASRSVETLKEMIKSGMNVARLNFSHGTHEYHAETIKNVR\nTATESFASDPILYRPVAVALDTKGPEIRTGLIKGSGTAEVELKKGATLKITLDNAYMEKCDENILWLDYKNICKVVEVGS\nKIYVDDGLISLQVKQKGADFLVTEVENGGSLGSKKGVNLPGAAVDLPAVSEKDIQDLKFGVEQDVDMVFASFIRKASDVH\nEVRKVLGEKGKNIKIISKIENHEGVRRFDEILEASDGIMVARGDLGIEIPAEKVFLAQKMMIGRCNRAGKPVICATQMLE\nSMIKKPRPTRAEGSDVANAVLDGADCIMLSGETAKGDYPLEAVRMQHLIAREAEAAIYHLQLFEELRRLAPITSDPTEAT\nAVGAVEASFKCCSGAIIVLTKSGRSAHQVARYRPRAPIIAVTRNPQTARQAHLYRGIFPVLCKDPVQEAWAEDVDLRVNF\nAMNVGKARGFFKKGDVVIVLTGWRPGSmGsFkTpNhTsMeRaVgVtPaVfP;13;531;1.60;X-RAY
3DL0A;3DL0;A;TRANSFERASE;MNLVLMGLPGAGKGTQGERIVEKYGIPHISTGDMFRAAMKEETPLGLEAKSYIDKGELVPDEVTIGIVKERLGKDDCERG\nFLLDGFPRTVAQAEALEEILEEMGKPIDYVINIQVDKDVLMERLTGRRICSVCGTTYHLVFNPPKTPGICDKDGGELYQR\nADDNEETVTKRLEVNMKQTAPLLDFYDEKGYLVNVNGQQDIQDVYADLKVLLGGLK;1;216;1.58;X-RAY
1EDGA;1EDG;A;CELLULOSE DEGRADATION;MYDASLIPNLQIPQKNIPNNDGMNFVKGLRLGWNLGNTFDAFNGTNITNELDYETSWSGIKTTKQMIDAIKQKGFNTVRI\nPVSWHPHVSGSDYKISDVWMNRVQEVVNYCIDNKMYVILNTHHDVDKVKGYFPSSQYMASSKKYITSVWAQIAARFANYD\nEHLIFEGMNEPRLVGHANEWWPELTNSDVVDSINCINQLNQDFVNTVRATGGKNASRYLMCPGYVASPDGATNDYFRMPN\nDISGNNNKIIVSVHAYCPWNFAGLAMADGGTNAWNINDSKDQSEVTWFMDNIYNKYTSRGIPVIIGECGAVDKNNLKTRV\nEYMSYYVAQAKARGILCILWDNNNFSGTGELFGFFDRRSCQFKFPEIIDGMVKYAFGLIN;1;380;1.60;X-RAY
3L4EA;3L4E;A;HYDROLASE;AKNLFLTSSFKDVVPLFTEFESNLQGKTVTFIPTASTVEEVTFYVEAGKKALESLGLLVEELDIATESLGEITTKLRKND\nFIYVTGGNTFFLLQELKRTGADKLILEEIAAGKLYIGESAGAVITSPNIAYIQTDSTKKAVNLTNYDALNLVDFSTLPHY\nNNTPFKEITQKIVTEYQIagksYPISNHEAIFIRGKEVITKRLS;0;205;1.50;X-RAY
1K0MA;1K0M;A;METAL TRANSPORT;maeeqPQVELFVKAGSDGAKIGNCPFSQRLFMVLWLKGVTFNVTTVDTKRRTETVQKLCPGGELPFLLYGTEVHTDTNKI\nEEFLEAVLCPPRYPKLAALNPESNTAGLDIFAKFSAYIKNSNPALNDNLEKGLLKALKVLDNYLTSPLPEGVDETSAEDE\nGVSQRKFLDGNELTLADCNLLPKLHIVQVVCKKYRGFTIPEAFRGVHRYLSNAYAREEFASTCPDDEEIELAYEQVAKAL\nk;1;241;1.40;X-RAY
3HKWA;3HKW;A;TRANSFERASE;SMSYSWTGALVTPCAAEEQKLPINALSNSLLRHHNMVYSTTSRSACQRQKKVTFDRLQVLDSHYQDVLKEVKAAASKVKA\nNLLSVEEACSLTPPHSARSKFGYGAKDVRCHARKAVTHINSVWKDLLEDSVTPIDTTIMAKNEVFCVQPekGGRKPARLI\nVFPDLGVRVCEKMALYDVVSKLPQAVMGSSYGFQYSPGQRVEFLVQAWKSKKSPMGFSYDTRCFDSTVTESDIRTEEAIY\nQCCDLDPQARVAIKSLTERLYVGGPLTNSKGENCGYRRCRASGVLTTSCGNTLTCYIKARAACRAAGLQDCTMLVCGDDL\nVVICESAGVQEDAASLRAFTEAMTRYSAPPGDPPQPEYDLELITSCSSNVSVAHDGAGKRVYYLTRDPTTPLARAAWETA\nRHTPVNSWLGNIIMFAPTLWARMILMTHFFSVLIARDQLEQALDCEIYGACYSIEPLDLPPIIQRLHGLSAFSLHSYSPG\nEINRVAACLRKLGVPPLRAWRHRARSVRAKLLSRGGRAAICGKYLFNWAVRTKLKLTPIAAAGQLDLSGWFTAGYSGGDI\nYHSvsrarprlehhhhhh;1;578;1.55;X-RAY
3H7HA;3H7H;A;TRANSCRIPTION;MGALETVPKDLRHLRACLLCSLVKTIDQFEYDGCDNCDAYLQMKGNREMVYDCTSSSFDGIIAMMSPEDSWVSKWQRVSN\nFKPGVYAVSVTGRLPQGIVRELKSRGVAYKSRDTAIKT;0;117;1.55;X-RAY
2IQYA;2IQY;A;HYDROLASE INHIBITOR;SNAMAADISQWAGPLSLQEVDEPPQHALRVDYGGVTVDELGKVLTPTQVMNRPSSISWDGLDPGKLYTLVLTDPDAPSRK\nDPKFREWHHFLVVNMKGNDISSGTVLSEYVGSGPPKDTGLHRYVWLVYEQEQPLNCDEPILSNKSGDNRGKFKVESFRKK\nYHLGAPVAGTCFQAEWDDSVPKLHDQLAGK;-2;187;1.40;X-RAY
2O6SA;2O6S;A;IMMUNE SYSTEM;CPSRCSCSGTTVECYSQGRTSVPTGIPAQTTYLDLETNSLKSLPNGVFDELTSLTQLYLGGNKLQSLPNGVFNKLTSLTY\nLNLSTNQLQSLPNGVFDKLTQLKELALNTNQLQSLPDGVFDKLTQLKDLRLYQNQLKSVPDGVFDRLTSLQYIWLHDNPW\nDCTCPGIRYLSEWINKHSGVVRNSAGSVAPDSAKCSGSGKPVRSIICP;24;231;1.50;X-RAY
2IMIA;2IMI;A;TRANSFERASE;mSNLVLYTLHLSPPCRAVELTAKALGLELEQKTINLLTGDHLKPEFVKLNPQHTIPVLDDNGTIITESHAIMIYLVTKYG\nKDDSLYPKDPVKQARVNSALHFESGVLFARMRFIFERILFFGKSDIPEDRVEYVQKSYELLEDTLVDDFVAGPTMTIADF\nSCISTISSIMGVVPLEQSKHPRIYAWIDRLKQLPYYEEANGGGGTDLGKFVLAKKEENAKA;1;221;1.40;X-RAY
2QGUA;2QGU;A;STRUCTURAL;xfkkllhslvagltfvaavaavpahaqeADAQATVKTAVDDVLATIKGDPDLRGGNLQKVFQLVDQKIVPRADFKRTTQI\nAGRFWSQATPEQQQQIQDGFKSLLIRTYAGALANVRNQTVAYKPFRAAADDTDVVVRSTVNNNGEPVALDYRVEKSPNGW\nKVYDINISGLWLSETYKNQFADVISKRGGVGGLVQFLDERNAQLAKgpak;1;211;1.50;X-RAY
3GYLB;3GYL;B;HYDROLASE;ITGGSSAVAGQWPWQVSITYEGVHVCGGSLVSEQWVLSAAHCAYEVKLGAHQLDSYSEDAKVSTLKDIIPHPSYLQEGSQ\nGDIALLQLSRPITFSRYIRPISLPAAQASFPNGLHCTVTGWGHVKPLQQLEVPLISRETCNSLYEDMVCAGKDACQGDSG\nGPLSCPVEGLWYLTGIVSWGDACGARNRPGVYTLASSYASWIQSKVTELQPRvvpqtqesqpdsnl;16;262;1.30;X-RAY
2HLYA;2HLY;A;STRUCTURAL;GYFEGMLIKQTDYFRIYRVINSLLISQNADPASASMYFSTFGAFILQQHYKVKAVPKGGLAAYNLGGTVLLFADHREdgY\nVTGAGENFHCWVEADGWAIDFMAPAFSEGTDALAVPAKMFQRPLSAMAASINDLGQSGDFFYRSEPEATARRFADWHKQA\nMIGDMASVAANWFRKSPKQMAASLSVTDRDGKARTVPLTGEMLTGAW;0;206;1.60;X-RAY
2FOMA;2FOM;A;VIRAL PROTEIN/PROTEASE;GSHMLEADLELERAADVRWEEQAEISGSSPILSItisedgsmSIKNEEEEQTLGgggsgggg;43;104;1.50;X-RAY
2Z79A;2Z79;A;HYDROLASE;aSTDYWQNWTDGGGIVNAVNGSGGNYSVNWSNTGNFVVGKGWTTGSPFRTINYNAGVWAPNGNGYLTLYGWTRSPLIEYY\nVVDSWGTYRPTGTYKGTVKSDGGTYDIYTTTRYNAPSIDGDRTTFTQYWSVRQSKRPTGSNATITFSNHVNAWKSHGMNL\nGSNWAYQVMATAGYQSSGSSNVTVW;1;185;1.30;X-RAY
3BMZA;3BMZ;A;BIOSYNTHETIC PROTEIN;menrEPPLLPARWSSAYVSYWSPMLPDDQLTSGYCWFDYERDICRIDGLFNPWSERDTGYRLWMSEVGNAASGRTWKQKV\nAYGRERTALGEQLCERPLDDETGPFAELFLPRDVLRRLGARHIGRRVVLGREADGWRYQRPGKGPSTLYLDAASGTPLRM\nVTGDEASRASLRDFPNVSEAEIPDAVFAAkrlehhhhhh;1;199;1.21;X-RAY
1QHQA;1QHQ;A;ELECTRON TRANSFER;aANAPGGSNVVNETPAQTVEVRAAPDALAFAQTSLSLPANTVVRLDFVNQNNLGVQHNWVLVNGGDDVAAAVNTAAQNNA\nDALFVPPPDTPNALAWTAMLNAGESGSVTFRTPAPGTYLYICTFPGHYLAGMKGTLTVTP;1;140;1.55;X-RAY
3R0LB;3R0L;B;TOXIN/HYDROLASE;xedGEIVCGEDDPCGTQICECDKAAAICFRNSMDT;68;102;1.35;X-RAY
1Z5RA;1Z5R;A;HYDROLASE;ttGHSYEKYNNWETIEAWTKQVTSENPDLISRTAIGTTFLGNNIYLLKVGKPGPNKPAIFMDCGFHAREWISHAFCQWFV\nREAVLTYGYESHMTEFLNKLDFYVLPVLNIDGYIYTWTKNRMWRKTRSTNAGTTCIGTDPNRNFDAGWCTTGASTDPCDE\nTYCGSAAESEKETKALADFIRNNLSIKAYLTIHSYSQMILYPYSYDYKLPENNAELNNLAKAAVKELATLYGTKYTYGPG\nATTIYPAAGGSDDWAYDQGIKYSFTFELRDKGRYGFILPESQIQATCEETMLAIKYVTNYVLGHL;4;308;1.40;X-RAY
2UYKA;2UYK;A;UNKNOWN FUNCTION;mKKIIETQRAPGAIGPYVQGVDLGSMVFTSGQIPVPQTGEIPADVQDQARLSLENVKAIVVAAGLSVGDIIKMTVFITDL\nNDFATINEVYKQFFDEHQATYPTRSCVQVARLPKDVKLEIEAIAVRSa;1;129;1.6;X-RAY
3U9QA;3U9Q;A;TRANSCRIPTION;SADLRALAKHLYDSYIKSFPLTKAKARAILTGKTTDKSPFVIYDMNSLMMGEDKIkfkhitplqeqsKEVAIRIFQGCQF\nRSVEAVQEITEYAKSIPGFVNLDLNDQVTLLKYGVHEIIYTMLASLMNKDGVLISEGQGFMTREFLKSLRKPFGDFMEPK\nFEFAVKFNALELDDSDLAIFIAVIILSGDRPGLLNVKPIEDIQDNLLQALELQLKLNHPESSQLFAKLLQKMTDLRQIVT\nEHVQLLQVIKKTETDMSLHPLLQEIYKDL;208;476;1.52;X-RAY
3MZ2A;3MZ2;A;HYDROLASE;GNTLQISNVDDLISFYQYADDRIPLISGHRGGRGKGYPENSETFENTLSYTPATFEIDPRLTKDSVIVLFHDDTLERTSN\nGTGKVSDYTWEELQNFRLKDPEGNITNYRIPTLEEAIRWARGKTILILDKKDVPERTAQLITDQAEPYVITVHDGASARF\nFYEKNPNFFEAFVKTKEAVQDYEDNGIPWSHIAYVGPKITPEVREVIDLHERGVCISTAPSDDKLSTPESRAEAYRIIRQ\nGVDIIESDRPIEVAEAISSLIPVSSSKGeKeFlFeSyTkL;32;316;1.55;X-RAY
2XKIA;2XKI;A;OXYGEN STORAGE;MVNWAAVVDDFYQELFKAHPEYQNKFGFKGVALGSLKGNAAYKTQAGKTVDYINAAIGGSADAAGLASRHKGRNVGSAEF\nHNAKACLAKACSAHGAPDLGHAIDDILSHL;0;109;1.30;X-RAY
1HBNA;1HBN;A;METHANOGENESIS;ADKLFINALKKKFEESPEEKKTTFYTLGGWKQSERKTEFVNAGKEVAAKRGIPQYNPDIGTPLGQRVLMPYQVSTTDTYV\nEGDDLHFVNNAAMQQMWDDIRRTVIVGLNHAHAVIEKRLGKEVTPETITHYLETVNHAMPGAAVVQEHMVETHPALVADS\nYVKVFTGNDEIADEIDPAFVIDINKQFPEDQAETLKAEVGDGIWQVVRIPTIVSRTCDGATTSRWSAMQIGMSMISAYKQ\nAAGEAATGDFAYAAKAEVIHMGTYLPVRARGENEPGGVPFGYLADICQSSRVNYEDPVRVSLDVVATGAMLYDQIWLGSY\nMSGGVGFTQYATAAYTDNILDDFTYFGKEYVEDKYGLCEAPNNMDTVLDVATEVTFYGLEQYEEYPALLEDQFGGSRAAV\nVAAAAGCSTAFATGNAQTGLSGWYLSMYLHKEQHSRLGFYYDLQDQGASNVFSIRGDEGLPLELRGPNYPNYAMNVGHQG\nEYAGISQAPHAARGDAFVFNPLVKIAFADDNLVFDFTNVRGEFAKGALREFEPAGERALITPAk;2;550;1.16;X-RAY
2CDCA;2CDC;A;OXIDOREDUCTASE;MKAIIVKPPNAGVQVKDVDEKKLDSYGKIKIRTIYNGICGADREIVNGKLtlstlpkGKDFLVLGHEAIGVVEESYHGFS\nQGDLVMPVNRRGCGICRNCLVGRPDFCETGEFGEAGIHKMDGFMREWWYDDPKYLVKIPKSIEDIGILAQPLADIEKSIE\nEILEVQKRVPVWTCDDGTLNCRKVLVVGTGPIGVLFTLLFRTYGLEVWMANRREPTEVEQTVIEETKTNYYNSSNGYDKL\nKDSVGKFDVIIDATGADVNILGNVIPLLGRNGVLGLFGFSTSGSVPLDYKTLQEIVHTNKTIIGLVNGQKPHFQQAVVHL\nASWKTLYPKAAKMLITKTVSINDEKELLKVLREKEHGEIKIRILWE;1;366;1.50;X-RAY
1T6FA;1T6F;A;CELL CYCLE;TLYEALKENEKLHKEIEQKDNEIARLKKENKELAEVA;1;37;1.47;X-RAY
2QVBA;2QVB;A;HYDROLASE;AFGVEPYGQPKYLEIAGKRMAYIDEGKGDAIVFQHGNPTSSYLWRNIMPHLEGLGRLVACDLIGMGASDKLSPSGPDRYS\nYGEQRDFLFALWDALDLGDHVVLVLHDWGSALGFDWANQHRDRVQGIAFMEAIVTPMTWADWPPAVRGVFQGFRSPQGEP\nMALEHNIFVERVLPGAILRQLSDEEMNHYRRPFVNGGEDRRPTLSWPRNLPIDGEPAEVVALVNEYRSWLEETDMPKLFI\nNAEPGAIITGRIRDYVRSWPNQTEITVPGVHFVQEDSPEEIGAAIAQFVRRLRSAAG;4;299;1.19;X-RAY
1VIAA;1VIA;A;TRANSFERASE;xslaKNIVFIGFGSGKSTLARALAKDLDLVFLDSDFLIEQKFNQKVSEIFEQKRENFFREQEQKADFFSSCEKACIATGG\nGFVNVSNLEKAGFCIYLKADFEYLKKRLDKDEISKRPLFYDEIKAKKLYNERLSKYEQKANFILNIENKNIDELLSEIKK\nVIKeggshhhhhh;1;175;1.57;X-RAY
1TKEA;1TKE;A;LIGASE;MPVITLPDGSQRHYDHAVSPMDVALDIGPGLAKACIAGRVNGELVDACDLIENDAQLSIITAKDEEGLEIIRHSCAHLLG\nHAIKQLWPHTKMAIGPVIDNGFYYDVDLDRTLTQEDVEALEKRMHELAEKNYDVIKKKVSWHEARETFANRGESYKVSIL\nDENIAHDDKPGLYFHEEYVDMCRGPHVPNMRFCHHFKLMKTAGAYWRGDSNNKMLQRIYGTAWA;1;224;1.46;X-RAY
3BONA;3BON;A;TOXIN;mQFVNKQFNYKDPVNGVDIAYIKIPnvGQMQPVKAFKIHNKIWVIPERDTFTNPEEGDLNPPpeakQVPVSYYDSTYLST\nDNEKDNYLKGVTKLFERIYSTDLGRMLLTSIVRGIPFWGGSTIDTELKVIDTNCINVIQPDGSYRSEELNLVIIGPSADI\nIQFECKSFGHEVLNLTRNGYGSTQYIRFSPDFTFGFEESLEVDTNPLLGAGKFATDPAVTLAHELIHAGHRLYGIAINPN\nRVFKVNTNAYYEMSGLEVSFEELRTFGGHDAKFIDSLQENEFRLYYYNKFKDIASTLNKAKSIVGTTASLQYMKNVFKEK\nYLLSEDTSGKFSVDKLKFDKLYKMLTEIYTEDNFVKFFKVLNRKTYLNFDKAVFKINIVPKVNYTIYDGFNLRNTNLAAN\nFNGQNTEINNMNFTKLKNFTGLFef;1;425;1.20;X-RAY
2RK3A;2RK3;A;CHAPERONE;mASKRALVILAKGAEEMETVIPVDVMRRAGIKVTVAGLAGKDPVQCSRDVVICPDASLEDAKKEGPYDVVVLPGGNLGAQ\nNLSESAAVKEILKEQENRKGLIATICAGPTALLAHEIGFGSKVTTHPLAKDKMMNGGHYTYSENRVEKDGLILTSRGPGT\nSFEFALAIVEALNGKEVAAQVKAPLVLKdlehhhhhh;1;197;1.05;X-RAY
3ZQUA;3ZQU;A;LYASE;MSGPERITLAMTGASGAQYGLRLLDCLVQEEREVHFLISKAAQLVMATETDVALPAKPQAMQAFLTEYCGAAAGQIRVFG\nQNDWMAPPASGSSAPNAMVICPCSTGTLSAVATGACNNLIERAADVALKERRPLVLVPREAPFSSIHLENMLKLSNLGAV\nILPAAPGFYHQPQSVEDLVDFVVARILNTLGIPQDMLPRWGEQHLVSde;1;209;1.50;X-RAY
2V0UA;2V0U;A;TRANSFERASE;GEFLATTLERIEKNFVITDPRLPDNPIIFASDSFLQLTEYSREEILGRNCRFLQGPETDRATVRKIRDAIDNQTEVTVQL\nINYTKSGKKFWNLFHLQPMRDQKGDVQYFIGVQLDGTEHVRDAAEREGVMLIKKTAENIDEAAKEL;401;546;1.40;X-RAY
3E23A;3E23;A;STRUCTURAL;xepdxtQAFDDDTLRFYRGNATAYAERQPRSATLTKFLGELPAGAKILELGCGAGYQAEALAAGFDVDATDGSPELAAEA\nSRRLGRPVRTLFHQLDAIDAYDAVWAHACLLHVPRDELADVLKLIWRALKPGGLFYASYKSGEGEGRDKLARYYNYPSEE\nWLRARYAEAGTWASVAVESSEGKGFDQELAQFLHVSVRKPELehhhhhh;1;211;1.60;X-RAY
3SVJP;3SVJ;P;HYDROLASE/HYDROLASE INHIBITOR;mSAIERITKAAHLIDMNDIIREGNPTLRTVAEEVTFPLSDQEIILGEKMMQFLKHSQDPVMAEKMGLRGGVGLAAPQLDI\nSKRIIAVLVPNIveegetpqeAYDLEAIMYNPKIVSHSVQDAALGEGEGLSVDRNVPGYVVRHARVTVDYFDKDGEKHRI\nKLKGYNSIVVQHEIDHINGIMFYDRINEKDPFAVKDGLLILE;1;203;1.55;X-RAY
1OA4A;1OA4;A;HYDROLASE;NQQICDRYGTTTIQDRYVVQNNRWGTSATQCINVTGNGFEITQADGSVPTNGAPKSYPSVYDGCHYGNCAPRTTLPMRIS\nSIGSAPSSVSYRYTGNGVYNAAYDIWLDPTPRTNGVNRTEIMIWFNRVGPVQPIGSPVGTAHVGGRSWEVWTGSNGSNDV\nISFLAPSAISSWSFDVKDFVDQAVSHGLATPDWYLTSIQAGFEPWEGGTGLAVNSFSSAVNA;1;222;1.5;X-RAY
3KUSA;3KUS;A;PROTEIN BINDING;gplgspLTASMLASAPPQEQKQMLGERLFPLIQAMHPTLAGKITGMLLEIDNSELLHMLESPESLRSKVDEAVAVLQAHQ\nAKEAAQKA;539;626;1.40;X-RAY
3P73B;3P73;B;IMMUNE SYSTEM;ADLTPKVQVYSRFPASAGTKNVLNCFAAGFHPPKISITLMKDGVPMEGAQYSDMSFNDDWTFQRLVHADFTPSSGSTYAC\nKVEHETLKEPQVYKWDPEF;1;99;1.32;X-RAY
3LWCA;3LWC;A;STRUCTURAL;KRKFTIADASLERSPGQEADISVGNLGvderhgPITIGYGRYAPGQSLTETAVDDVIVLEGRLSVSTDGETVTAGPGEIV\nYPKGETVTIRSHEEGALTAYVTkYtPHwrpaha;17;131;1.40;X-RAY
1QOPB;1QOP;B;LYASE;TTLLNPYFGEFGGMYVPQILMPALNQLEEAFVSAQKDPEFQAQFADLLKNYAGRPTALTKCQNITAGTRTTLYLKREDLL\nHGGAHKTNQVLGQALLAKRMGKSEIIAETGAGQHGVASALASALLGLKCRIYMGAKDVERQSPNVFRMRLMGAEVIPVHS\nGSATLKDACNEALRDWSGSYETAHYMLGTAAGPHPYPTIVREFQRMIGEETKAQILDKEGRLPDAVIACVGGGSNAIGMF\nADFINDTSVGLIGVEPGGHGIETGEHGAPLKHGRVGIYFGMKAPMMQTADGQIEESYSISAGLDFPSVGPQHAYLNSIGR\nADYVSITDDEALEAFKTLCRHEGIIPALESSHALAHALKMMREQPEKEQLLVVNLSGRGDKDIFTVHDILkargei;2;397;1.4;X-RAY
2PV2A;2PV2;A;ISOMERASE;TELNLSHILIPLPENPTSDQVNEAESQARAIVDQARNGADFGKLAIAHSADQQALNGGQMGWGRIQELPGIFAQALSTAK\nKGDIVGPIRSGVGFHILKVNDLR;172;274;1.30;X-RAY
1G9OA;1G9O;A;SIGNALING PROTEIN;RMLPRLCCLEKGPNGYGFHLHGEKGKLGQYIRLVEPGSPAEKAGLLAGDRLVEVNGENVEKETHQQVVSRIRAALNAVRL\nLVVDPETDEQL;9;99;1.50;X-RAY
1SU8A;1SU8;A;OXIDOREDUCTASE;makQNLKSTDRAVQQMLDKAKREGIQTVWDRYEAMKPQCGFGETGLCCRHCLQGPCRINPFGDEPKVGICGATAEVIVAR\nGLDRSIAAGAAGHSGHAKHLAHTLKKAVQGKAASYMIKDRTKLHSIAKRLGIPTEGQKDEDIALEVAKAALADFHEKDTP\nVLWVTTVLPPSRVKVLSAHGLIPAGIDHEIAEIMHRTSMGCDADAQNLLLGGLRCSLADLAGCYMGTDLADILFGTPAPV\nVTESNLGVLKADAVNVAVHGHNPVLSDIIVSVSKEMENEARAAGATGINVVGICCTGNEVLMRHGIPACTHSVSQEMAMI\nTGALDAMILDYQCIQPSVATIAECTGTTVITTMEMSKITGATHVNFAEEAAVENAKQILRLAIDTFKRRKGKPVEIPNIK\nTKVVAGFSTEAIINALSKLNANDPLKPLIDNVVNGNIRGVCLFAGCNNVKVPQDQNFTTIARKLLKQNVLVVATGCGAGA\nLMRHGFMDPANVDELCGDGLKAVLTAIGEANGLGGPLPPVLHMGSCVDNSRAVALVAALANRLGVDLDRLPVVASAAEAM\nHEKAVAIGTWAVTIGLPTHIGVLPPITGSLPVTQILTSSVKDITGGYFIVELDPETAADKLLAAINERRAGLGLPW;1;636;1.10;X-RAY
1OYGA;1OYG;A;TRANSFERASE;asmketnQKPYKETYGISHITRHDMLQIPEQQKNEKYQVPEFDSSTIKNISSAKGLDVWDSWPLQNADGTVANYHGYHIV\nFALAGDPKNADDTSIYMFYQKVGETSIDSWKNAGRVFKDSDKFDANDSILKDQTQEWSGSATFTSDGKIRLFYTDFSGKH\nYGKQTLTTAQVNVSASDSSLNINGVEDYKSIFDGDGKTYQNVQQFIDEGNYSSGDNHTLRDPHYVEDKGHKYLVFEANTG\nTEDGYQGEESLFNKAYYGKSTSFFRQESQKLLQSDKKRTAELANGALGMIELNDDYTLKKVMKPLIASNTVTDEIERANV\nFKMNGKWYLFTDSRGSKMTIDGITSNDIYMLGYVSNSLTGPYKPLNKTGLVLKMDLDPNDVTFTYSHFAVPQAKGNNVVI\nTSYMTNRGFYADKQSTFAPSFLLNIKGKKTSVVKDSILEQGQLTVNK;27;473;1.50;X-RAY
